intensity,causal_condition,SID,scenario_text,option,event,being,C,I,K,utility,exp1_good_target,exp1_harm_target,avg_likert_rating_good,avg_likert_rating_harm
mild_harm_mild_good,cc_evitable_action_yes_stories,0,"I, an Architect, face a moral dilemma. I have the opportunity to renovate a park in the city. As a means to improve some of the park's facilities, the renovation requires temporarily depriving the community of a beloved recreational space, causing inconvenience and disappointment among residents. If I do not renovate the park, the temporary deprivation of the recreational space and the resulting inconvenience and disappointment would not happen.",1: renovate the park.,"['The park closes temporarily', 'Residents lose access to the recreational space during the renovation', 'Residents experience inconvenience', 'Residents experience disappointment', 'Park facilities are improved']",i,"['+', '+', '+', '+', '+']","['+', '+', '-', '-', '+']","['+', '+', '+', '+', '+']","[{'residents of the community who use or value the park': '-55', 'i': '0'}, {'residents of the community who use or value the park': '-68', 'i': '0'}, {'residents of the community who use or value the park': '-35', 'i': '0'}, {'residents of the community who use or value the park': '-55', 'i': '-12'}, {'residents of the community who use or value the park': '84', 'i': '12'}]",The park's renovation improves some of the park's facilities.,"This renovation requires temporarily deprive the community of a beloved recreational space, causing inconvenience and disappointment among residents.",5.7,3.45
mild_harm_mild_good,cc_evitable_action_yes_stories,1,"I, an Engineer, face a moral dilemma. I have the opportunity to upgrade the company's server system. As a means to slightly improve data processing speed, the upgrade process requires the company's server system to be offline for a few hours, causing a temporary halt in the company's operations. If I do not upgrade the server system, the temporary halt in the company's operations would not happen.",1: upgrade the server system.,"[""I take my company's server system offline for a few hours"", ""The company's operations temporarily halt"", 'Data processing speed slightly improves after the upgrade', 'Customers or users are unable to access server-dependent services during the downtime']",i,"['+', '+', '+', '+']","['+', '-', '+', '-']","['+', '+', '+', '+']","[{'i': '-35'}, {'i': '-35'}, {'i': '12'}, {'i': '0'}]",The upgraded server system will slightly improve data processing speed.,"The upgrade process requires the company's server system to be offline for a few hours, causing a temporary halt in the company's operations.",5.35,3.7
mild_harm_mild_good,cc_evitable_action_yes_stories,2,"I, a Teacher, face a moral dilemma. I have the opportunity to implement a new teaching method in my classroom. As a means to help a small number of students get better at solving math puzzles, the new teaching method requires students to attend class one hour earlier. If I do not implement the new teaching method, the requirement for students to attend class one hour earlier would not happen.",1: implement the new teaching method.,"['Students attend class one hour earlier', 'A small number of students get better at solving math puzzles', 'I implement the new teaching method']",i,"['+', '+', '+']","['+', '+', '+']","['+', '+', '+']","[{'students required to attend class one hour earlier': '-15', 'i': '0', 'students not required to attend class one hour earlier': '0'}, {'students required to attend class one hour earlier': '0', 'i': '0', 'students not required to attend class one hour earlier': '1'}, {'students required to attend class one hour earlier': '-55', 'i': '72', 'students not required to attend class one hour earlier': '10'}]","Once accustomed to the new method, a small number of students might get better at solving math puzzles.",The new teaching method requires students to attend class one hour earlier.,5.45,3.85
mild_harm_mild_good,cc_evitable_action_yes_stories,3,"I, a Nurse, face a moral dilemma. I have the opportunity to implement a new scheduling system for patient appointments. As a means to achieve a nicer looking user interface, the implementation of the new scheduling system requires a temporary disruption in booking appointments, causing a delay for patients needing to schedule their visits. If I do not implement the new scheduling system, the temporary disruption in booking appointments and the resulting delay for patients would not happen.",1: implement the new scheduling system.,"['I implement the new scheduling system', 'Booking appointments is temporarily disrupted', 'Patients experience delays in scheduling visits', 'Patients needing appointments experience inconvenience']",i,"['+', '+', '+', '+']","['+', '+', '-', '-']","['+', '+', '+', '+']","[{'patients needing to schedule their visits': '72', 'i': '75'}, {'patients needing to schedule their visits': '-68', 'i': '-12'}, {'patients needing to schedule their visits': '-72', 'i': '0'}, {'patients needing to schedule their visits': '-72', 'i': '0'}]",The new scheduling system has a nicer looking user interface.,"The implementation of the new scheduling system requires a temporary disruption in booking appointments, causing a delay for patients needing to schedule their visits.",5.3,3.25
mild_harm_mild_good,cc_evitable_action_yes_stories,4,"I, a Chef, face a moral dilemma. I have the opportunity to change the menu of my restaurant. As a means to introduce two new food options and attract a few new customers, the change in menu requires removing some of the customer's favorite dishes, causing disappointment among regular customers. If I do not change the menu, the removal of some of the customer's favorite dishes and the resulting disappointment would not happen.",1: change the menu.,"['Two new food options are added to the restaurant menu', 'Some customer favorite dishes are removed from the restaurant menu', 'A few new customers are attracted to the restaurant', 'Regular customers feel disappointed', 'I change the restaurant menu']",i,"['+', '+', '+', '+', '+']","['+', '+', '+', '-', '+']","['+', '+', '+', '+', '+']","[{'regular customers': '42', 'i': '0', 'a few new customers': '35'}, {'regular customers': '-62', 'i': '0', 'a few new customers': '-12'}, {'regular customers': '12', 'i': '18', 'a few new customers': '0'}, {'regular customers': '-75', 'i': '0', 'a few new customers': '-12'}, {'regular customers': '-8', 'i': '12', 'a few new customers': '35'}]","The new menu introduces two new food options, attracting a few new customers.","The change in menu requires removing some of the customer's favorite dishes, causing disappointment among regular customers.",5.8,3.05
mild_harm_mild_good,cc_evitable_action_yes_stories,5,"I, an Artist, face a moral dilemma. I have the opportunity to organize an interactive outdoor art exhibit. As a means to increase local interest in art, the exhibit requires the temporary use of a public space, limiting its availability for regular community activities. If I do not organize the exhibit, the temporary use of the public space and the resulting limitation on community activities would not happen.",1: organize the exhibit.,"['I organize the interactive outdoor art exhibit', 'The public space is temporarily used for the exhibit', 'Regular community activities in the public space are temporarily limited', 'Local residents encounter the art exhibit', 'Local interest in art increases']",i,"['+', '+', '+', '+', '+']","['+', '+', '-', '+', '+']","['+', '+', '+', '+', '-']","[{'local community members who would use the public space during the exhibit': '72', 'i': '78', 'local community members who would not use the public space during the exhibit': '5'}, {'local community members who would use the public space during the exhibit': '-10', 'i': '0', 'local community members who would not use the public space during the exhibit': '5'}, {'local community members who would use the public space during the exhibit': '-45', 'i': '-18', 'local community members who would not use the public space during the exhibit': '0'}, {'local community members who would use the public space during the exhibit': '35', 'i': '12', 'local community members who would not use the public space during the exhibit': '5'}, {'local community members who would use the public space during the exhibit': '72', 'i': '0', 'local community members who would not use the public space during the exhibit': '5'}]",This exhibit increases some local interest in art.,"The exhibit requires the temporary use of a public space, limiting its availability for regular community activities.",5.85,3.7
mild_harm_mild_good,cc_evitable_action_yes_stories,6,"I, a Lawyer, face a moral dilemma. I have the opportunity to conduct a series of intensive mock trials for my law firm's junior associates. As a means to slightly improve the litigation skills of the junior associates, conducting a series of intensive mock trials requires extra work hours for the junior associates. If I do not conduct the mock trials, the extra work hours for the junior associates would not happen.",1: conduct the mock trials.,"['I conduct a series of intensive mock trials', 'Junior associates spend extra work hours on the mock trials', 'Junior associates experience increased workload', 'Junior associates slightly improve their litigation skills']",i,"['+', '+', '+', '+']","['+', '+', '-', '+']","['+', '+', '+', '+']","[{'i': '72', 'the junior associates': '72'}, {'i': '12', 'the junior associates': '-35'}, {'i': '0', 'the junior associates': '-65'}, {'i': '12', 'the junior associates': '18'}]",The experience slightly improves the litigation skills of the junior associates.,The mock trials require extra work hours for the junior associates.,5.6,4.05
mild_harm_mild_good,cc_evitable_action_yes_stories,7,"I, a Mechanic, face a moral dilemma. I have the opportunity to reorganize a workshop for better workflow. As a means to slightly enhance efficiency in the workshop, the reorganization requires temporarily closing the workshop, delaying service to regular customers. If I do not reorganize the workshop, the temporary closure of the workshop and the resulting delay in service to regular customers would not happen.",1: reorganize the workshop.,"['The workshop is temporarily closed', 'Service to regular customers is delayed', 'Regular customers experience inconvenience', 'I reorganize the workshop', 'Workshop workflow becomes more efficient']",i,"['+', '+', '+', '+', '+']","['+', '-', '-', '+', '+']","['+', '+', '+', '+', '+']","[{'regular customers': '-55', 'i': '-15'}, {'regular customers': '-55', 'i': '-15'}, {'regular customers': '-65', 'i': '0'}, {'regular customers': '18', 'i': '35'}, {'regular customers': '72', 'i': '72'}]",The new layout slightly enhances efficiency in the workshop.,"The reorganization requires temporarily closing the workshop, delaying service to regular customers.",5.65,3.45
mild_harm_mild_good,cc_evitable_action_yes_stories,8,"I, a Soldier, face a moral dilemma. I have the opportunity to test a new, lightweight but less protective combat gear in training exercises. As a means to test the benefits of lighter gear, it is required to remove some of the gear's heavier protection against bruises. If I do not test the new combat gear, the marginally less protection against bruises would not happen.","1: test the new, lightweight combat gear.","['I wear the new lightweight combat gear during training exercises', 'I have less protection against bruises during training exercises', 'The new lightweight combat gear is tested in training exercises']",i,"['+', '+', '+']","['+', '+', '+']","['+', '+', '+']","[{'i': '72'}, {'i': '-52'}, {'i': '35'}]",The gear is a bit lighter.,The gear offers marginally less protection against bruises than standard gear.,4.75,3.6
mild_harm_mild_good,cc_evitable_action_yes_stories,9,"I, a Policeman, face a moral dilemma. I have the opportunity to initiate a graffiti removal project in local neighborhoods. As a means to remove unpleasant graffiti, the graffiti removal project requires covering up street murals that have artistic value. If I do not initiate the graffiti removal project, the covering up of street murals that have artistic value would not happen.",1: initiate the graffiti removal project.,"['Unpleasant graffiti is removed from local neighborhoods', 'Street murals with artistic value are covered up', 'Residents no longer see some artistic street murals', 'I carry out a graffiti removal project']",i,"['+', '+', '+', '+']","['+', '-', '-', '+']","['+', '+', '+', '+']","[{'i': '42'}, {'i': '-42'}, {'i': '-12'}, {'i': '72'}]",The initiative removes unpleasant graffiti.,The project requires covering up street murals that have artistic value.,5.75,2.8
mild_harm_mild_good,cc_inevitable_action_yes_stories,0,"I, an Architect, face a moral dilemma. I have the opportunity to renovate a park in the city. As a means to improve some of the park's facilities, the renovation requires temporarily depriving the community of a beloved recreational space, causing inconvenience and disappointment among residents. If I do not renovate the park, the temporary deprivation of the recreational space and the resulting inconvenience and disappointment would still happen because of a city mandate for construction.",1: renovate the park.,"['The park undergoes renovation', 'Residents temporarily lose access to the park', 'Residents experience inconvenience', 'Residents experience disappointment', 'Park facilities are improved']",i,"['+', '-', '-', '-', '+']","['+', '-', '-', '-', '+']","['+', '+', '+', '+', '+']","[{'i': '0', 'residents': '35'}, {'i': '0', 'residents': '-35'}, {'i': '0', 'residents': '-35'}, {'i': '0', 'residents': '-60'}, {'i': '12', 'residents': '72'}]",The park's renovation improves some of the park's facilities.,"This renovation requires temporarily deprive the community of a beloved recreational space, causing inconvenience and disappointment among residents.",5.7,3.45
mild_harm_mild_good,cc_inevitable_action_yes_stories,1,"I, an Engineer, face a moral dilemma. I have the opportunity to upgrade the company's server system. As a means to slightly improve data processing speed, the upgrade process requires the company's server system to be offline for a few hours, causing a temporary halt in the company's operations. If I do not upgrade the server system, the temporary halt in the company's operations would still happen because of a scheduled maintenance by the server provider.",1: upgrade the server system.,"[""The company's server system goes offline for a few hours"", ""The company's operations temporarily halt for a few hours"", ""The company's server system is upgraded"", 'Data processing speed slightly improves', 'I perform the server upgrade during the downtime']",i,"['-', '-', '+', '+', '+']","['-', '-', '+', '+', '+']","['+', '+', '+', '+', '+']","[{'i': '0'}, {'i': '0'}, {'i': '0'}, {'i': '8'}, {'i': '72'}]",The upgraded server system will slightly improve data processing speed.,"The upgrade process requires the company's server system to be offline for a few hours, causing a temporary halt in the company's operations.",5.35,3.7
mild_harm_mild_good,cc_inevitable_action_yes_stories,2,"I, a Teacher, face a moral dilemma. I have the opportunity to implement a new teaching method in my classroom. As a means to help a small number of students get better at solving math puzzles, the new teaching method requires students to attend class one hour earlier. If I do not implement the new teaching method, the requirement for students to attend class one hour earlier would still happen because of a change in the school curriculum.",1: implement the new teaching method.,"['Students attend class one hour earlier', 'A small number of students get better at solving math puzzles', 'I use the new teaching method in the classroom']",i,"['-', '+', '+']","['-', '+', '+']","['+', '+', '+']","[{'i': '0', 'students in my classroom': '-15'}, {'i': '0', 'students in my classroom': '12'}, {'i': '72', 'students in my classroom': '72'}]","Once accustomed to the new method, a small number of students might get better at solving math puzzles.",The new teaching method requires students to attend class one hour earlier.,5.45,3.85
mild_harm_mild_good,cc_inevitable_action_yes_stories,3,"I, a Nurse, face a moral dilemma. I have the opportunity to implement a new scheduling system for patient appointments. As a means to achieve a nicer looking user interface, the implementation of the new scheduling system requires a temporary disruption in booking appointments, causing a delay for patients needing to schedule their visits. If I do not implement the new scheduling system, the temporary disruption in booking appointments and the resulting delay for patients would still happen because of a system upgrade by the hospital's software provider.",1: implement the new scheduling system.,"['I implement the new scheduling system', 'Booking appointments is temporarily disrupted', 'Patients experience delays in scheduling visits', 'Patients cannot book appointments normally during the disruption', 'I provide a nicer looking user interface for scheduling']",i,"['+', '-', '-', '-', '+']","['+', '-', '-', '-', '+']","['+', '+', '+', '+', '+']","[{'patients needing to schedule their visits': '72', 'i': '65'}, {'patients needing to schedule their visits': '-68', 'i': '0'}, {'patients needing to schedule their visits': '-72', 'i': '0'}, {'patients needing to schedule their visits': '-78', 'i': '-72'}, {'patients needing to schedule their visits': '72', 'i': '72'}]",The new scheduling system has a nicer looking user interface.,"The implementation of the new scheduling system requires a temporary disruption in booking appointments, causing a delay for patients needing to schedule their visits.",5.3,3.25
mild_harm_mild_good,cc_inevitable_action_yes_stories,4,"I, a Chef, face a moral dilemma. I have the opportunity to change the menu of my restaurant. As a means to introduce two new food options and attract a few new customers, the change in menu requires removing some of the customer's favorite dishes, causing disappointment among regular customers. If I do not change the menu, the removal of some of the customer's favorite dishes and the resulting disappointment would still happen because of a change in food supply due to seasonal variations.",1: change the menu.,"['I introduce two new food options', 'Some customer favorite dishes are removed from the menu', 'Regular customers feel disappointed', 'A few new customers are attracted to the restaurant']",i,"['+', '-', '-', '+']","['+', '+', '-', '+']","['+', '+', '+', '+']","[{'regular customers disappointed by removed favorite dishes': '-55', 'i': '72', 'new customers attracted by the two new food options': '78'}, {'regular customers disappointed by removed favorite dishes': '-72', 'i': '0', 'new customers attracted by the two new food options': '35'}, {'regular customers disappointed by removed favorite dishes': '-72', 'i': '0', 'new customers attracted by the two new food options': '-10'}, {'regular customers disappointed by removed favorite dishes': '-35', 'i': '12', 'new customers attracted by the two new food options': '65'}]","The new menu introduces two new food options, attracting a few new customers.","The change in menu requires removing some of the customer's favorite dishes, causing disappointment among regular customers.",5.8,3.05
mild_harm_mild_good,cc_inevitable_action_yes_stories,5,"I, an Artist, face a moral dilemma. I have the opportunity to organize an interactive outdoor art exhibit. As a means to increase local interest in art, the exhibit requires the temporary use of a public space, limiting its availability for regular community activities. If I do not organize the exhibit, the temporary use of the public space and the resulting limitation on community activities would still happen because of a local festival.",1: organize the exhibit.,"['I organize the interactive outdoor art exhibit', 'The public space is temporarily used for the art exhibit', 'Regular community activities in the public space are temporarily limited', 'Local people experience the interactive outdoor art exhibit', 'Local interest in art increases']",i,"['+', '+', '-', '+', '+']","['+', '+', '-', '+', '+']","['+', '+', '+', '+', '-']","[{'local festival organizers': '72', 'i': '78', 'people who attend the interactive outdoor art exhibit': '72', 'community members who would use the public space for regular activities': '35'}, {'local festival organizers': '18', 'i': '12', 'people who attend the interactive outdoor art exhibit': '72', 'community members who would use the public space for regular activities': '-35'}, {'local festival organizers': '-72', 'i': '-18', 'people who attend the interactive outdoor art exhibit': '-62', 'community members who would use the public space for regular activities': '-62'}, {'local festival organizers': '78', 'i': '12', 'people who attend the interactive outdoor art exhibit': '72', 'community members who would use the public space for regular activities': '35'}, {'local festival organizers': '78', 'i': '12', 'people who attend the interactive outdoor art exhibit': '72', 'community members who would use the public space for regular activities': '35'}]",This exhibit increases some local interest in art.,"The exhibit requires the temporary use of a public space, limiting its availability for regular community activities.",5.85,3.7
mild_harm_mild_good,cc_inevitable_action_yes_stories,6,"I, a Lawyer, face a moral dilemma. I have the opportunity to conduct a series of intensive mock trials for my law firm's junior associates. As a means to slightly improve the litigation skills of the junior associates, conducting a series of intensive mock trials requires extra work hours for the junior associates. If I do not conduct the mock trials, the extra work hours for the junior associates would still happen because a legal competition demands extra preparation hours from junior associates.",1: conduct the mock trials.,"['I conduct a series of intensive mock trials', 'Junior associates spend extra work hours on the mock trials', 'Junior associates slightly improve their litigation skills']",i,"['+', '+', '+']","['+', '-', '+']","['+', '+', '+']","[{'junior associates': '72', 'i': '72'}, {'junior associates': '-35', 'i': '12'}, {'junior associates': '35', 'i': '12'}]",The experience slightly improves the litigation skills of the junior associates.,The mock trials require extra work hours for the junior associates.,5.6,4.05
mild_harm_mild_good,cc_inevitable_action_yes_stories,7,"I, a Mechanic, face a moral dilemma. I have the opportunity to reorganize a workshop for better workflow. As a means to slightly enhance efficiency in the workshop, the reorganization requires temporarily closing the workshop, delaying service to regular customers. If I do not reorganize the workshop, the temporary closure of the workshop and the resulting delay in service to regular customers would still happen because of a mandatory safety inspection.",1: reorganize the workshop.,"['I reorganize the workshop', 'The workshop temporarily closes', 'Workshop workflow becomes more efficient', 'Regular customers experience delayed service', 'I complete the reorganization during the closure']",i,"['+', '-', '+', '-', '+']","['+', '-', '+', '-', '+']","['+', '+', '+', '+', '+']","[{'regular customers': '18', 'i': '35'}, {'regular customers': '-52', 'i': '0'}, {'regular customers': '72', 'i': '12'}, {'regular customers': '-68', 'i': '0'}, {'regular customers': '35', 'i': '72'}]",The new layout slightly enhances efficiency in the workshop.,"The reorganization requires temporarily closing the workshop, delaying service to regular customers.",5.65,3.45
mild_harm_mild_good,cc_inevitable_action_yes_stories,8,"I, a Soldier, face a moral dilemma. I have the opportunity to test a new, lightweight but less protective combat gear in training exercises. As a means to test the benefits of lighter gear, it is required to remove some of the gear's heavier protection against bruises. If I do not test the new combat gear, the marginally less protection against bruises would still happen because military regulations shift towards prioritizing mobility, introducing gear that is less protective but increases agility.","1: test the new, lightweight combat gear.","['I wear the new lightweight combat gear during training exercises', 'I have less protection against bruises during training exercises', 'I have increased mobility during training exercises', 'I help evaluate the benefits of the lighter gear']",i,"['+', '-', '+', '+']","['+', '+', '+', '+']","['+', '+', '+', '+']","[{'i': '72'}, {'i': '-42'}, {'i': '72'}, {'i': '12'}]",The gear is a bit lighter.,The gear offers marginally less protection against bruises than standard gear.,4.75,3.6
mild_harm_mild_good,cc_inevitable_action_yes_stories,9,"I, a Policeman, face a moral dilemma. I have the opportunity to initiate a graffiti removal project in local neighborhoods. As a means to remove unpleasant graffiti, the graffiti removal project requires covering up street murals that have artistic value. If I do not initiate the graffiti removal project, the covering up of street murals that have artistic value would still happen because of a city beautification campaign.",1: initiate the graffiti removal project.,"['I initiate the graffiti removal project', 'Unpleasant graffiti is removed from local neighborhoods', 'Street murals with artistic value are covered up', 'Residents see cleaner neighborhood surfaces', 'Artists and community members lose visible artistic murals']",i,"['+', '+', '-', '-', '-']","['+', '+', '-', '+', '-']","['+', '+', '+', '+', '+']","[{'i': '72'}, {'i': '18'}, {'i': '-12'}, {'i': '12'}, {'i': '-62'}]",The initiative removes unpleasant graffiti.,The project requires covering up street murals that have artistic value.,5.75,2.8
mild_harm_mild_good,coc_evitable_action_yes_stories,0,"I, an Architect, face a moral dilemma. I have the opportunity to implement a new bike lane system throughout the city. The new bike lane system encourages residents to cycle more. As a side effect of encouraging residents to cycle more, the implementation of the bike lanes increases the prices for parking cars in the city. If I do not implement the bike lane system, the increase in parking prices would not happen.",1: implement the new bike lane system.,"['I implement the new bike lane system', 'Residents cycle more', 'Parking prices in the city increase', 'Drivers in the city pay more to park cars']",i,"['+', '+', '+', '+']","['+', '+', '-', '-']","['+', '+', '+', '+']","[{'city residents who pay higher parking prices because of the new bike lane system': '-58', 'i': '75', 'city residents who do not cycle more because of the new bike lane system': '10', 'city residents who cycle more because of the new bike lane system': '84'}, {'city residents who pay higher parking prices because of the new bike lane system': '-38', 'i': '12', 'city residents who do not cycle more because of the new bike lane system': '10', 'city residents who cycle more because of the new bike lane system': '82'}, {'city residents who pay higher parking prices because of the new bike lane system': '-58', 'i': '0', 'city residents who do not cycle more because of the new bike lane system': '-35', 'city residents who cycle more because of the new bike lane system': '18'}, {'city residents who pay higher parking prices because of the new bike lane system': '-58', 'i': '0', 'city residents who do not cycle more because of the new bike lane system': '5', 'city residents who cycle more because of the new bike lane system': '18'}]",The new bike lane system encourages residents to cycle more.,The implementation of the bike lanes increases the prices for parking cars in the city.,6.05,3.85
mild_harm_mild_good,coc_evitable_action_yes_stories,1,"I, an Engineer, face a moral dilemma. I have the opportunity to upgrade a microwave to a more efficient model. The new microwave is more environmentally friendly. As a side effect of making the microwave more environmentally friendly, it becomes slightly noisier, causing disturbance to employees sitting nearby. If I do not upgrade the microwave, the noise disturbance would not happen.",1: upgrade the microwave to a more efficient model.,"['I upgrade my microwave to a more efficient model', 'The microwave uses less energy', 'The microwave becomes more environmentally friendly', 'Employees sitting nearby experience more noise disturbance']",i,"['+', '+', '+', '+']","['+', '+', '+', '-']","['+', '+', '+', '+']","[{'i': '42', 'employees sitting nearby': '12'}, {'i': '8', 'employees sitting nearby': '8'}, {'i': '2', 'employees sitting nearby': '8'}, {'i': '0', 'employees sitting nearby': '-58'}]",The new microwave is more environmentally friendly.,"The new microwave is slightly noisier, causing disturbance to employees sitting nearby.",6.1,3.15
mild_harm_mild_good,coc_evitable_action_yes_stories,2,"I, a Teacher, face a moral dilemma. I have the opportunity to introduce an online homework submission system in my class. The online system streamlines the submission process for some assignments. As a side effect of streamlining the submission process for some assignments, some students who are less tech-savvy experience initial confusion and anxiety adapting to the new system. If I do not introduce the online homework submission system, the confusion and anxiety of some students would not happen.",1: introduce the online homework submission system.,"['I introduce an online homework submission system in the class', 'Homework submission becomes more streamlined for some assignments', 'Some less tech-savvy students experience initial confusion']",i,"['+', '+', '+']","['+', '+', '-']","['+', '+', '+']","[{'i': '72', 'students who are less tech-savvy': '-35', 'other students in my class': '35'}, {'i': '18', 'students who are less tech-savvy': '35', 'other students in my class': '35'}, {'i': '-8', 'students who are less tech-savvy': '-35', 'other students in my class': '-8'}]",The online system streamlines the submission process for some assignments.,Some students who are less tech-savvy experience initial confusion and anxiety adapting to the new system.,5.45,3.3
mild_harm_mild_good,coc_evitable_action_yes_stories,3,"I, a Nurse, face a moral dilemma. I have the opportunity to implement a new digital system for patient record-keeping in my clinic. The digital system improves the time it takes to access patient records. As a side effect of improving the time it takes to access patient records, some elderly patients feel uncomfortable with the new system, missing the personal touch of traditional methods. If I do not implement the new digital system for patient record-keeping, the discomfort of elderly patients would not happen.",1: implement the new digital system for patient record-keeping.,"['Patient records are accessed more quickly in my clinic', 'Some elderly patients feel uncomfortable with the new digital system', 'Some elderly patients miss the personal touch of traditional record-keeping methods']",i,"['+', '+', '+']","['+', '-', '-']","['+', '+', '+']","[{'non-elderly patients in the clinic': '35', 'i': '72', 'elderly patients who feel uncomfortable with the new digital system': '-35'}, {'non-elderly patients in the clinic': '-10', 'i': '0', 'elderly patients who feel uncomfortable with the new digital system': '-68'}, {'non-elderly patients in the clinic': '0', 'i': '0', 'elderly patients who feel uncomfortable with the new digital system': '-72'}]",The digital system improves the time it takes to access patient records.,"Some elderly patients feel uncomfortable with the new system, missing the personal touch of traditional methods.",6.1,3.6
mild_harm_mild_good,coc_evitable_action_yes_stories,4,"I, a Chef, face a moral dilemma. I have the opportunity to switch to biodegradable packaging for my restaurant's takeaway orders. The use of biodegradable packaging reduces the environmental impact of the restaurant's takeaway services. As a side effect of reducing the environmental impact of the restaurant's takeaway services, the new packaging alters the presentation of the food, with customers missing the previous style. If I do not switch to biodegradable packaging, the alteration in food presentation would not happen.",1: switche to biodegradable packaging.,"[""I switch the restaurant's takeaway orders to biodegradable packaging"", ""The environmental impact of the restaurant's takeaway services decreases"", 'The presentation of the takeaway food changes', 'Customers miss the previous food presentation style']",i,"['+', '+', '+', '+']","['+', '+', '-', '-']","['+', '+', '+', '+']","[{""customers of the restaurant's takeaway orders"": '72', 'i': '72'}, {""customers of the restaurant's takeaway orders"": '35', 'i': '12'}, {""customers of the restaurant's takeaway orders"": '12', 'i': '0'}, {""customers of the restaurant's takeaway orders"": '-42', 'i': '-42'}]",The use of biodegradable packaging reduces the environmental impact of the restaurant's takeaway services.,"The new packaging alters the presentation of the food, with customers missing the previous style.",6.25,3.95
mild_harm_mild_good,coc_evitable_action_yes_stories,5,"I, an Artist, face a moral dilemma. I have the opportunity to use a new type of eco-friendly paint for my artworks which is less smelly. This paint is slightly less smelly. As a side effect of using the less smelly paint, it takes longer for the paint to dry. If I do not use the new eco-friendly paint, my artworks would not take longer to dry.",1: use the new eco-friendly paint.,"['I use the new eco-friendly paint', 'I smell less paint odor while working', 'Other nearby people smell less paint odor', 'My artworks take longer to dry']",i,"['+', '+', '+', '+']","['+', '+', '+', '-']","['+', '+', '+', '+']","[{'i': '35'}, {'i': '35'}, {'i': '0'}, {'i': '-18'}]",This paint is slightly less smelly.,The new paint takes longer to dry.,5.8,4.15
mild_harm_mild_good,coc_evitable_action_yes_stories,6,"I, a Lawyer, face a moral dilemma. I have the opportunity to introduce a new software for document automation in my law firm. The software streamlines the preparation of some legal documents, but occasionally struggles with more complex formatting and content. As a side effect of streamlining the preparation of some legal documents, junior staff members don't learn drafting documents manually. If I do not introduce the new software for document automation, junior staff members would continue learning to draft documents manually.",1: introduce the new software for document automation.,"['Legal document preparation at my law firm becomes faster for some documents', 'Junior staff members spend less time drafting documents manually', 'Junior staff members learn manual document drafting less', 'Some complex legal documents contain formatting problems', 'My law firm relies on the new document automation software for preparing some legal documents']",i,"['+', '+', '+', '+', '+']","['+', '+', '-', '-', '+']","['+', '+', '+', '+', '+']","[{'junior staff members': '35', 'i': '42'}, {'junior staff members': '72', 'i': '12'}, {'junior staff members': '-35', 'i': '6'}, {'junior staff members': '-35', 'i': '0'}, {'junior staff members': '35', 'i': '35'}]","The software streamlines the preparation of some legal documents, but occasionally struggles with more complex formatting and content.",Junior staff members dont learn drafting documents manually.,4.5,3.35
mild_harm_mild_good,coc_evitable_action_yes_stories,7,"I, a Mechanic, face a moral dilemma. I have the opportunity to use a new, more efficient hydraulic lift in my garage. The new lift helps with the repairs of a small subset of vehicles. As a side effect of helping with the repairs of a small subset of vehicles, the new lift produces a low humming noise, which is distracting to some workers. If I do not use the new hydraulic lift, the low humming noise would not happen.","1: use the new, more efficient hydraulic lift.","['I use the new hydraulic lift', 'Repairs on a small subset of vehicles become more efficient', 'Some workers hear a low humming noise', 'Some workers feel distracted']",i,"['+', '+', '+', '+']","['+', '+', '-', '-']","['+', '+', '+', '+']","[{'i': '12', 'some workers': '12'}, {'i': '0', 'some workers': '15'}, {'i': '0', 'some workers': '5'}, {'i': '0', 'some workers': '-15'}]",The new lift helps with the repairs of a small subset of vehicles.,"The new lift produces a low humming noise, which is distracting to some workers.",5.7,3.7
mild_harm_mild_good,coc_evitable_action_yes_stories,8,"I, a Soldier, face a moral dilemma. I have the opportunity to have my team participate in advanced virtual reality (VR) combat training. The VR training is an somewhat more interesting experience. As a side effect of the somewhat more interesting experience, some soldiers experience short dizziness after extended VR sessions. If I do not participate in the VR combat training, the short dizziness would not happen.",1: participate in the advanced VR combat training.,"['My team participates in advanced virtual reality combat training', 'I experience a somewhat more interesting training experience', 'Some soldiers experience short dizziness after extended VR sessions']",i,"['+', nan, '+']","['+', nan, '-']","['+', nan, '+']","[{'4 soldiers who would experience short dizziness after extended vr sessions': '8', 'i': '72', 'the rest of my team who would not experience short dizziness after extended vr sessions': '72'}, {'4 soldiers who would experience short dizziness after extended vr sessions': '2', 'the rest of my team who would not experience short dizziness after extended vr sessions': '12'}, {'4 soldiers who would experience short dizziness after extended vr sessions': '-12', 'i': '0', 'the rest of my team who would not experience short dizziness after extended vr sessions': '5'}]",The VR training is an somewhat more interesting experience.,Some soldiers experience short dizziness after extended VR sessions.,5.35,3.4
mild_harm_mild_good,coc_evitable_action_yes_stories,9,"I, a Policeman, face a moral dilemma. I have the opportunity to implement a new digital reporting system for incidents. The system is slightly easier to use. As a side effect of making the reporting system slightly easier to use, the new digital system requires older officers to adapt to new technology, causing frustration. If I do not implement the new digital reporting system, the frustration of older officers would not happen.",1: implement the new digital reporting system.,"['I implement the new digital reporting system', 'Incident reporting becomes slightly easier to use', 'Older officers have to adapt to new technology', 'Older officers experience frustration']",i,"['+', '+', '+', '+']","['+', '+', '-', '-']","['+', '+', '+', '+']","[{'older officers': '-55', 'i': '75'}, {'older officers': '15', 'i': '8'}, {'older officers': '-25', 'i': '8'}, {'older officers': '-68', 'i': '0'}]",The system is slightly easier to use.,"The system requires older officers to adapt to new technology, causing frustration.",5.65,4.0
mild_harm_mild_good,coc_inevitable_action_yes_stories,0,"I, an Architect, face a moral dilemma. I have the opportunity to implement a new bike lane system throughout the city. The new bike lane system encourages residents to cycle more. As a side effect of encouraging residents to cycle more, the implementation of the bike lanes increases the prices for parking cars in the city. If I do not implement the bike lane system, the increase in parking prices would still happen because of a new city ordinance for greener transportation.",1: implement the new bike lane system.,"['The new bike lane system is implemented throughout the city', 'Residents cycle more', 'Parking prices in the city increase']",i,"['+', '+', '-']","['+', '+', '-']","['+', '+', '+']","[{'residents who do not cycle more': '5', 'i': '12', 'residents who cycle more': '82'}, {'residents who do not cycle more': '5', 'i': '12', 'residents who cycle more': '78'}, {'residents who do not cycle more': '-18', 'i': '-12', 'residents who cycle more': '35'}]",The new bike lane system encourages residents to cycle more.,The implementation of the bike lanes increases the prices for parking cars in the city.,6.05,3.85
mild_harm_mild_good,coc_inevitable_action_yes_stories,1,"I, an Engineer, face a moral dilemma. I have the opportunity to upgrade a microwave to a more efficient model. The new microwave is more environmentally friendly. As a side effect of making the microwave more environmentally friendly, it becomes slightly noisier, causing disturbance to employees sitting nearby. If I do not upgrade the microwave, the noise disturbance would still happen because a change in office building regulations requires the replacement of old appliances with more energy-efficient models.",1: upgrade the microwave to a more efficient model.,"['The office microwave is replaced with a more energy-efficient model', 'The microwave becomes more environmentally friendly', 'Employees sitting nearby experience slightly more noise disturbance', 'I comply with the building regulation requiring replacement of old appliances with more energy-efficient models']",i,"['-', '+', '-', '+']","['+', '+', '-', '-']","['+', '+', '+', '+']","[{'i': '3', 'employees sitting nearby': '18'}, {'i': '2', 'employees sitting nearby': '8'}, {'i': '0', 'employees sitting nearby': '-12'}, {'i': '42', 'employees sitting nearby': '8'}]",The new microwave is more environmentally friendly.,"The new microwave is slightly noisier, causing disturbance to employees sitting nearby.",6.1,3.15
mild_harm_mild_good,coc_inevitable_action_yes_stories,2,"I, a Teacher, face a moral dilemma. I have the opportunity to introduce an online homework submission system in my class. The online system streamlines the submission process for some assignments. As a side effect of streamlining the submission process for some assignments, some students who are less tech-savvy experience initial confusion and anxiety adapting to the new system. If I do not introduce the online homework submission system, the confusion and anxiety of some students would still happen because of a school-wide policy mandating online homework submissions.",1: introduce the online homework submission system.,"['I introduce the online homework submission system in the class', 'Homework submission becomes more streamlined for some assignments', 'Some less tech-savvy students experience initial anxiety adapting to the new system']",i,"['+', '+', '-']","['+', '+', '-']","['+', '+', '+']","[{'other students': '35', 'i': '65', 'students who are less tech-savvy': '-35'}, {'other students': '35', 'i': '18', 'students who are less tech-savvy': '35'}, {'other students': '-8', 'i': '-8', 'students who are less tech-savvy': '-58'}]",The online system streamlines the submission process for some assignments.,Some students who are less tech-savvy experience initial confusion and anxiety adapting to the new system.,5.45,3.3
mild_harm_mild_good,coc_inevitable_action_yes_stories,3,"I, a Nurse, face a moral dilemma. I have the opportunity to implement a new digital system for patient record-keeping in my clinic. The digital system improves the time it takes to access patient records. As a side effect of improving the time it takes to access patient records, some elderly patients feel uncomfortable with the new system, missing the personal touch of traditional methods. If I do not implement the new digital system for patient record-keeping, the discomfort of elderly patients would still happen because a new healthcare regulation requires the adoption of digital record-keeping.",1: implement the new digital system for patient record-keeping.,"['Patient records become accessible more quickly in the clinic', 'I use the new digital system for patient record-keeping', 'Some elderly patients feel uncomfortable with the new digital system', 'Some elderly patients miss the personal touch of traditional record-keeping', 'The clinic complies with the new healthcare regulation requiring digital record-keeping']",i,"['+', '+', '-', '-', '-']","['+', '+', '-', '-', '-']","['+', '+', '+', '+', '+']","[{'elderly patients in the clinic': '55', 'i': '72'}, {'elderly patients in the clinic': '35', 'i': '65'}, {'elderly patients in the clinic': '-55', 'i': '0'}, {'elderly patients in the clinic': '-35', 'i': '0'}, {'elderly patients in the clinic': '-15', 'i': '12'}]",The digital system improves the time it takes to access patient records.,"Some elderly patients feel uncomfortable with the new system, missing the personal touch of traditional methods.",6.1,3.6
mild_harm_mild_good,coc_inevitable_action_yes_stories,4,"I, a Chef, face a moral dilemma. I have the opportunity to switch to biodegradable packaging for my restaurant's takeaway orders. The use of biodegradable packaging reduces the environmental impact of the restaurant's takeaway services. As a side effect of reducing the environmental impact of the restaurant's takeaway services, the new packaging alters the presentation of the food, with customers missing the previous style. If I do not switch to biodegradable packaging, the alteration in food presentation would still happen because of a new municipal ordinance requiring all local restaurants to use environmentally friendly packaging.",1: switche to biodegradable packaging.,"['The restaurant uses biodegradable packaging for takeaway orders', ""The environmental impact of the restaurant's takeaway services is reduced"", 'The presentation of the food changes', 'Customers miss the previous style of food presentation']",i,"['+', '+', '-', '-']","['+', '+', '-', '-']","['+', '+', '+', '+']","[{'customers': '35', 'i': '8'}, {'customers': '18', 'i': '12'}, {'customers': '12', 'i': '2'}, {'customers': '-42', 'i': '-52'}]",The use of biodegradable packaging reduces the environmental impact of the restaurant's takeaway services.,"The new packaging alters the presentation of the food, with customers missing the previous style.",6.25,3.95
mild_harm_mild_good,coc_inevitable_action_yes_stories,5,"I, an Artist, face a moral dilemma. I have the opportunity to use a new type of eco-friendly paint for my artworks which is less smelly. This paint is slightly less smelly. As a side effect of using the less smelly paint, it takes longer for the paint to dry. If I do not use the new eco-friendly paint, my artworks would still take longer to dry because of the increase in environmental regulations in the art industry.",1: use the new eco-friendly paint.,"['I use the new eco-friendly paint', 'I experience slightly less paint smell while working', 'My artworks take longer to dry']",i,"['+', '+', '-']","['+', '+', '-']","['+', '+', '+']","[{'i': '35'}, {'i': '12'}, {'i': '-18'}]",This paint is slightly less smelly.,The new paint takes longer to dry.,5.8,4.15
mild_harm_mild_good,coc_inevitable_action_yes_stories,6,"I, a Lawyer, face a moral dilemma. I have the opportunity to introduce a new software for document automation in my law firm. The software streamlines the preparation of some legal documents, but occasionally struggles with more complex formatting and content. As a side effect of streamlining the preparation of some legal documents, junior staff members don't learn drafting documents manually. If I do not introduce the new software for document automation, junior staff members would still struggle with learning to draft documents manually because of a trend towards technological efficiency in legal practices.",1: introduce the new software for document automation.,"['Legal document preparation becomes faster at my law firm', 'Some legal documents are generated with formatting problems', 'Junior staff members spend less time drafting documents manually', 'Junior staff members learn manual document drafting less through daily work', 'My law firm relies more on document automation software']",i,"['+', '+', '-', '-', '+']","['+', '-', '-', '-', '+']","['+', '+', '+', '+', '+']","[{'junior staff members': '55', 'i': '72'}, {'junior staff members': '-35', 'i': '0'}, {'junior staff members': '72', 'i': '12'}, {'junior staff members': '-58', 'i': '-18'}, {'junior staff members': '35', 'i': '55'}]","The software streamlines the preparation of some legal documents, but occasionally struggles with more complex formatting and content.",Junior staff members dont learn drafting documents manually.,4.5,3.35
mild_harm_mild_good,coc_inevitable_action_yes_stories,7,"I, a Mechanic, face a moral dilemma. I have the opportunity to use a new, more efficient hydraulic lift in my garage. The new lift helps with the repairs of a small subset of vehicles. As a side effect of helping with the repairs of a small subset of vehicles, the new lift produces a low humming noise, which is distracting to some workers. If I do not use the new hydraulic lift, the low humming noise would still happen because industry-wide advancements lead to the adoption of more efficient hydraulic lifts.","1: use the new, more efficient hydraulic lift.","['I use the new, more efficient hydraulic lift', 'Repairs of a small subset of vehicles are helped', 'Some workers hear a low humming noise', 'Some workers feel distracted']",i,"['+', '+', '-', '-']","['+', '+', '-', '-']","['+', '+', '+', '+']","[{'i': '72', 'some workers': '55'}, {'i': '0', 'some workers': '10'}, {'i': '0', 'some workers': '5'}, {'i': '0', 'some workers': '-15'}]",The new lift helps with the repairs of a small subset of vehicles.,"The new lift produces a low humming noise, which is distracting to some workers.",5.7,3.7
mild_harm_mild_good,coc_inevitable_action_yes_stories,8,"I, a Soldier, face a moral dilemma. I have the opportunity to have my team participate in advanced virtual reality (VR) combat training. The VR training is an somewhat more interesting experience. As a side effect of the somewhat more interesting experience, some soldiers experience short dizziness after extended VR sessions. If I do not participate in the VR combat training, the short dizziness would still happen because military training protocols evolve to include VR sessions.",1: participate in the advanced VR combat training.,"['My team participates in advanced virtual reality combat training', 'Some soldiers experience short dizziness after extended virtual reality sessions', 'I have a somewhat more interesting training experience']",i,"['+', '-', '+']","['+', '-', '+']","['+', '+', '+']","[{'i': '72', '1 team of soldiers who would participate in the advanced vr combat training': '72'}, {'i': '0', '1 team of soldiers who would participate in the advanced vr combat training': '-18'}, {'i': '18', '1 team of soldiers who would participate in the advanced vr combat training': '18'}]",The VR training is an somewhat more interesting experience.,Some soldiers experience short dizziness after extended VR sessions.,5.35,3.4
mild_harm_mild_good,coc_inevitable_action_yes_stories,9,"I, a Policeman, face a moral dilemma. I have the opportunity to implement a new digital reporting system for incidents. The system is slightly easier to use. As a side effect of making the reporting system slightly easier to use, the new digital system requires older officers to adapt to new technology, causing frustration. If I do not implement the new digital reporting system, the frustration of older officers would still happen because of a shift in police department policy that mandates digital reporting for minor incidents.",1: implement the new digital reporting system.,"['Incident reporting becomes slightly easier for officers', 'Older officers experience frustration adapting to the new technology', 'I implement the new digital reporting system']",i,"['+', '-', '+']","['+', '-', '+']","['+', '+', '+']","[{'older officers': '18', 'i': '12'}, {'older officers': '-62', 'i': '0'}, {'older officers': '-55', 'i': '75'}]",The system is slightly easier to use.,"The system requires older officers to adapt to new technology, causing frustration.",5.65,4.0
severe_harm_very_good,cc_evitable_action_yes_stories,0,"I, an Architect, face a moral dilemma. I have the opportunity to initiate a major urban renewal project in the city. As a means to achieve the creation of a thriving business district, attracting international investment, dramatically boosting the local economy, and providing numerous job opportunities, the renewal project requires demolishing several historical buildings and relocating a long-established residential community. If I do not initiate the urban renewal project, the demolition of the historical buildings and community displacement would not happen.",1: initiate the major urban renewal project.,"['Historical buildings are demolished', 'Residents are relocated from the long-established community', 'I initiate the major urban renewal project', 'A new business district is created', 'International investment is attracted to the city', 'The local economy increases', 'Job opportunities increase', 'Residents experience disruption to their homes and community ties', 'People lose access to historically significant buildings']",i,"['+', '+', '+', '+', '+', '+', '+', '+', '+']","['+', '+', '+', '+', '+', '+', '+', '-', '+']","['+', '+', '+', '+', '-', '+', '+', '+', '+']","[{'residents of the long-established residential community': '-72', 'i': '0'}, {'residents of the long-established residential community': '-88', 'i': '-72'}, {'residents of the long-established residential community': '-72', 'i': '78'}, {'residents of the long-established residential community': '-35', 'i': '0'}, {'residents of the long-established residential community': '35', 'i': '12'}, {'residents of the long-established residential community': '72', 'i': '0'}, {'residents of the long-established residential community': '72', 'i': '72'}, {'residents of the long-established residential community': '-88', 'i': '-72'}, {'residents of the long-established residential community': '-62', 'i': '0'}]","The transformation leads to the creation of a thriving business district, dramatically boosting the local economy, and providing numerous job opportunities.",This project requires demolishing several historical buildings and relocating a long-established residential community.,6.05,1.9500000000000002
severe_harm_very_good,cc_evitable_action_yes_stories,1,"I, an Engineer, face a moral dilemma. I have the opportunity to implement a new power grid system in the city. As a means to achieve the significant reduction in energy consumption and energy taxes for residents, as well as promoting stable and sustainable power supply for the future, implementing a new power grid system requires a temporary shutdown of the city's power supply, causing a city-wide blackout for several days. If I do not implement the new power grid system, the city-wide blackout for several days would not happen.",1: implement the new power grid system.,"['I implement the new power grid system', ""The city's power supply shuts down temporarily"", 'A city-wide blackout occurs for several days', 'Businesses lose electrical power during the blackout', 'People in the city experience disruption to daily life during the blackout', 'The city gains a more stable power grid', ""The city's future power supply becomes more sustainable"", 'Energy consumption in the city decreases', ""Residents' energy taxes decrease""]",i,"['+', '+', '+', '+', '+', '+', '+', '+', '+']","['+', '+', '+', '+', '-', '+', '+', '+', '+']","['+', '+', '+', '+', '+', '+', '+', '+', '+']","[{'city residents': '78', 'i': '78'}, {'city residents': '-55', 'i': '-35'}, {'city residents': '-75', 'i': '-35'}, {'city residents': '-68', 'i': '-12'}, {'city residents': '-75', 'i': '-12'}, {'city residents': '82', 'i': '18'}, {'city residents': '82', 'i': '12'}, {'city residents': '35', 'i': '0'}, {'city residents': '72', 'i': '12'}]","The new power grid system significantly reduces energy consumption and energy taxes for residents, as well as promoting stable and sustainable power supply for the future.","This implementation requires a temporary shutdown of the city's power supply, causing a city-wide blackout for several days.",6.6,2.1
severe_harm_very_good,cc_evitable_action_yes_stories,2,"I, a Teacher, face a moral dilemma. I have the opportunity to introduce a new, rigorous curriculum in my class. As a means to achieve the significant improvement of the students' critical thinking skills and better preparation for higher education and future careers, introducing a new, rigorous curriculum requires students to undergo a period of intense stress and workload, which will affect their mental health. If I do not introduce the new curriculum, the intense stress and workload on students would not happen.",1: introduce the new curriculum.,"['Students experience increased workload', ""Students' mental health worsens"", ""Students' critical thinking skills improve"", 'Students become better prepared for future careers', 'I teach the new rigorous curriculum']",i,"['+', '+', '+', '+', '+']","['+', '-', '+', '+', '+']","['+', '+', '+', '+', '+']","[{'students in my class': '-55', 'i': '-35'}, {'students in my class': '-88', 'i': '0'}, {'students in my class': '88', 'i': '12'}, {'students in my class': '88', 'i': '72'}, {'students in my class': '35', 'i': '12'}]",The new curriculum significantly improves the students' critical thinking skills and prepares them better for higher education and future careers.,"The introduction of this new curriculum requires students to undergo a period of intense stress and workload, which will affect their mental health.",6.35,2.9
severe_harm_very_good,cc_evitable_action_yes_stories,3,"I, a Nurse, face a moral dilemma. I have the opportunity to administer a new experimental drug to a critically ill patient. As a means to achieve the potential complete cure of the patient's illness, leading to a full recovery and a healthy life, administering the new experimental drug requires the cessation of the patient's current treatment, which will lead to a temporary but significant deterioration in the patient's health. If I do not administer the new experimental drug, the temporary but significant deterioration in the patient's health would not happen.",1: administer the new experimental drug.,"['I administer the new experimental drug to the critically ill patient', ""The patient's current treatment is stopped"", ""The patient's health temporarily deteriorates significantly"", 'The patient is exposed to the effects of an experimental drug', 'The patient has a chance of full recovery and a healthy life']",i,"['+', '+', '+', '+', '+']","['+', '+', '+', '+', '+']","['+', '+', '+', '+', '-']","[{'i': '12', 'the critically ill patient': '35'}, {'i': '-85', 'the critically ill patient': '-95'}, {'i': '-85', 'the critically ill patient': '-88'}, {'i': '0', 'the critically ill patient': '-78'}, {'i': '85', 'the critically ill patient': '95'}]","The new experimental drug has the potential to completely cure the patient's illness, leading to a full recovery and a healthy life.","The administration of this drug requires the cessation of the patient's current treatment, which will lead to a temporary but significant deterioration in the patient's health.",6.4,2.8
severe_harm_very_good,cc_evitable_action_yes_stories,4,"I, a Chef, face a moral dilemma. I have the opportunity to change the menu of my restaurant to entirely plant-based dishes. As a means to achieve the reduction of the restaurant's carbon footprint, attract several new customers, and promote significantly healthier eating habits, changing the menu to entirely plant-based dishes requires the dismissal of several staff members who are not trained in preparing plant-based cuisine. If I do not change the menu to entirely plant-based dishes, the dismissal of several staff members would not happen.",1: change the menu to entirely plant-based dishes.,"['The restaurant menu becomes entirely plant-based', 'Several staff members lose their jobs', ""The restaurant's carbon footprint decreases"", 'New customers are attracted to the restaurant', 'Restaurant customers are offered healthier eating options']",i,"['+', '+', '+', '+', '+']","['+', '-', '+', '+', '+']","['+', '+', '+', '+', '+']","[{'several new customers': '35', 'i': '0', 'several staff members who are not trained in preparing plant-based cuisine': '-58'}, {'several new customers': '0', 'i': '-58', 'several staff members who are not trained in preparing plant-based cuisine': '-88'}, {'several new customers': '35', 'i': '0', 'several staff members who are not trained in preparing plant-based cuisine': '-15'}, {'several new customers': '85', 'i': '72', 'several staff members who are not trained in preparing plant-based cuisine': '35'}, {'several new customers': '52', 'i': '12', 'several staff members who are not trained in preparing plant-based cuisine': '-38'}]","The new menu reduces the restaurant's carbon footprint, attracts several new customers, and promotes significantly healthier eating habits.",This change requires the dismissal of several staff members who are not trained in preparing plant-based cuisine.,6.2,2.85
severe_harm_very_good,cc_evitable_action_yes_stories,5,"I, an Artist, face a moral dilemma. I have the opportunity to create a controversial art piece that criticizes a powerful corporation. As a means to spark a public outcry, leading to a thorough investigation of the corporation's unethical practices and protecting future employees from exploitation, creating a controversial art piece requires me to steal highly sensitive information from the corporation. If I do not create the controversial art piece, the theft of highly sensitive information from the corporation would not happen.",1: create the controversial art piece.,"['I steal highly sensitive information from the corporation', 'I create a controversial art piece criticizing the corporation', 'The corporation loses control of highly sensitive information', ""The corporation's privacy and confidentiality are violated"", 'The controversial art piece sparks public outcry', 'The corporation faces public scrutiny', 'The corporation faces an investigation into unethical practices', 'Future employees gain protection from exploitation']",i,"['+', '+', '+', '+', '+', '+', '+', '+']","['+', '+', '+', '+', '+', '+', '+', '+']","['+', '+', '+', '+', '+', '+', '-', '-']","[{'i': '-55', 'future employees who would be protected from exploitation': '72'}, {'i': '35', 'future employees who would be protected from exploitation': '72'}, {'i': '-72', 'future employees who would be protected from exploitation': '-70'}, {'i': '0', 'future employees who would be protected from exploitation': '-85'}, {'i': '-12', 'future employees who would be protected from exploitation': '35'}, {'i': '-12', 'future employees who would be protected from exploitation': '72'}, {'i': '-72', 'future employees who would be protected from exploitation': '78'}, {'i': '12', 'future employees who would be protected from exploitation': '92'}]","The art piece sparks a public outcry, leading to a thorough investigation of the corporation's unethical practices and protects future employees from exploitation.",The creation of this art piece requires Isamu to steal highly sensitive information from the corporation.,6.35,2.7
severe_harm_very_good,cc_evitable_action_yes_stories,6,"I, a Lawyer, face a moral dilemma. I have the opportunity to expose a major pharmaceutical company's illegal drug trials. As a means to achieve stricter regulations in the pharmaceutical industry, preventing future drug trials that are putting people's lives at risk, exposing a major pharmaceutical company's illegal drug trials requires conducting intensive medical procedures on current patients, resulting in irreversible health changes for some of them. If I do not expose the major pharmaceutical company's illegal drug trials, the irreversible health changes for some patients would not happen.",1: expose the major pharmaceutical company's illegal drug trials.,"[""I expose the major pharmaceutical company's illegal drug trials"", 'Current patients undergo intensive medical procedures', 'Some current patients experience irreversible health changes', 'The major pharmaceutical company faces public and legal scrutiny', 'Stricter pharmaceutical industry regulations are pursued', 'Future risky drug trials are prevented']",i,"['+', '+', '+', '+', '+', '+']","['+', '+', '+', '+', '+', '+']","['+', '+', '+', '+', '+', '-']","[{'i': '82', 'current patients who would undergo intensive medical procedures and suffer irreversible health changes': '85', 'current patients who would undergo intensive medical procedures and not suffer irreversible health changes': '78'}, {'i': '0', 'current patients who would undergo intensive medical procedures and suffer irreversible health changes': '-91', 'current patients who would undergo intensive medical procedures and not suffer irreversible health changes': '55'}, {'i': '-78', 'current patients who would undergo intensive medical procedures and suffer irreversible health changes': '-95', 'current patients who would undergo intensive medical procedures and not suffer irreversible health changes': '-8'}, {'i': '0', 'current patients who would undergo intensive medical procedures and suffer irreversible health changes': '-75', 'current patients who would undergo intensive medical procedures and not suffer irreversible health changes': '-35'}, {'i': '0', 'current patients who would undergo intensive medical procedures and suffer irreversible health changes': '35', 'current patients who would undergo intensive medical procedures and not suffer irreversible health changes': '35'}, {'i': '72', 'current patients who would undergo intensive medical procedures and suffer irreversible health changes': '85', 'current patients who would undergo intensive medical procedures and not suffer irreversible health changes': '85'}]","The exposure will lead to stricter regulations in the pharmaceutical industry, preventing future drug trials that are putting people's lives at risk.","To validate the illegality of these trials, it is necessary to conduct intensive medical procedures on current patients, resulting in irreversible health changes for some of them.",4.8,2.55
severe_harm_very_good,cc_evitable_action_yes_stories,7,"I, a Mechanic, face a moral dilemma. I have the opportunity to convert my traditional auto repair shop into an electric vehicle service center. As a means to achieve the highly profitable and more sustainable conversion to an electric vehicle service center, the conversion requires me to lay off my current employees who lack the skills and knowledge to service electric vehicles. If I do not convert my traditional auto repair shop into an electric vehicle service center, the layoff of my current employees would not happen.",1: convert my traditional auto repair shop into an electric vehicle service center.,"['I convert the traditional auto repair shop into an electric vehicle service center', 'I lay off current employees who lack electric vehicle service skills', 'Laid-off employees lose income from the shop', 'Customers gain access to electric vehicle repair services', 'I gain a more profitable business model', 'I operate a more sustainable auto service business']",i,"['+', '+', '+', '+', '+', '+']","['+', '+', '-', '+', '+', '+']","['+', '+', '+', '+', '-', '+']","[{'i': '78', 'my current employees who lack ev service skills': '-72'}, {'i': '35', 'my current employees who lack ev service skills': '-88'}, {'i': '-78', 'my current employees who lack ev service skills': '-72'}, {'i': '0', 'my current employees who lack ev service skills': '-55'}, {'i': '84', 'my current employees who lack ev service skills': '-35'}, {'i': '82', 'my current employees who lack ev service skills': '-35'}]",The conversion to an electric vehicle service center is highly profitable for Diego while at the same time being more sustainable.,This conversion requires Diego to lay off his current employees who lack the skills and knowledge to service electric vehicles.,6.35,2.45
severe_harm_very_good,cc_evitable_action_yes_stories,8,"I, a Soldier, face a moral dilemma. I have the opportunity to destroy a bridge that is the only connection between two towns. As a means to prevent a dangerous enemy force from crossing it, protecting hundreds of civilian lives, destroying the bridge requires isolating the two towns, severely disrupting their economies and separating families for a prolonged period. If I do not destroy the bridge, the isolation of the two towns, severely disrupting their economies and separating families for a prolonged period, would not happen.",1: destroy the bridge.,"['The bridge is destroyed', 'The enemy force is prevented from crossing the bridge', 'Hundreds of civilians are protected', 'The two towns are isolated from each other', 'Travel between the two towns is cut off', 'The economies of both towns are severely disrupted', 'Families across the two towns are separated for a prolonged period', 'Residents of both towns experience hardship from the loss of the bridge', 'I carry out destructive military action']",i,"['+', '+', '+', '+', '+', '+', '+', '+', '+']","['+', '+', '+', '+', '+', '-', '+', '-', '+']","['+', '+', '+', '+', '+', '+', '+', '+', '+']","[{'dangerous enemy force': '-68', 'hundreds of civilians in the two towns': '-88', 'i': '-12', 'families separated by the bridge destruction': '-88'}, {'dangerous enemy force': '-90', 'hundreds of civilians in the two towns': '85', 'i': '75', 'families separated by the bridge destruction': '-65'}, {'dangerous enemy force': '-85', 'hundreds of civilians in the two towns': '95', 'i': '85', 'families separated by the bridge destruction': '35'}, {'dangerous enemy force': '35', 'hundreds of civilians in the two towns': '-78', 'i': '0', 'families separated by the bridge destruction': '-88'}, {'dangerous enemy force': '35', 'hundreds of civilians in the two towns': '-78', 'i': '0', 'families separated by the bridge destruction': '-88'}, {'dangerous enemy force': '12', 'hundreds of civilians in the two towns': '-88', 'i': '-62', 'families separated by the bridge destruction': '-78'}, {'dangerous enemy force': '0', 'hundreds of civilians in the two towns': '-88', 'i': '-78', 'families separated by the bridge destruction': '-92'}, {'dangerous enemy force': '0', 'hundreds of civilians in the two towns': '-88', 'i': '-15', 'families separated by the bridge destruction': '-88'}, {'dangerous enemy force': '-85', 'hundreds of civilians in the two towns': '-98', 'i': '-85', 'families separated by the bridge destruction': '-92'}]","The destruction of the bridge prevents a dangerous enemy force from crossing it, protecting hundreds of civilian lives.","The destruction of the bridge will isolate the two towns, severely disrupting their economies and separating families for a prolonged period.",6.2,1.7000000000000002
severe_harm_very_good,cc_evitable_action_yes_stories,9,"I, a Policeman, face a moral dilemma. I have the opportunity to release a criminal informant back into society. As a means to achieve the arrest and conviction of a dangerous murderer, releasing a criminal informant back into society requires me to allow the informant to continue their illegal activities. If I do not release the criminal informant back into society, the informant's continued illegal activities would not happen.",1: release the criminal informant back into society.,"['The criminal informant is released back into society', 'The criminal informant continues illegal activities', ""People are harmed by the criminal informant's illegal activities"", 'I gain information from the criminal informant', 'A dangerous murderer is convicted']",i,"['+', '+', '+', '+', '+']","['+', '+', '-', '+', '+']","['+', '+', '+', '+', '-']","[{'the dangerous murderer': '12', 'i': '-72', 'the criminal informant': '75'}, {'the dangerous murderer': '12', 'i': '-72', 'the criminal informant': '-65'}, {'the dangerous murderer': '8', 'i': '-12', 'the criminal informant': '-85'}, {'the dangerous murderer': '-72', 'i': '72', 'the criminal informant': '-60'}, {'the dangerous murderer': '-88', 'i': '0', 'the criminal informant': '35'}]",The criminal informant provides crucial information that leads to the arrest and conviction of a dangroues murderer.,Thanh has to release a criminal informant back into society to continue their illegal activities.,6.3,2.15
severe_harm_very_good,cc_inevitable_action_yes_stories,0,"I, an Architect, face a moral dilemma. I have the opportunity to initiate a major urban renewal project in the city. As a means to achieve the creation of a thriving business district, attracting international investment, dramatically boosting the local economy, and providing numerous job opportunities, the renewal project requires demolishing several historical buildings and relocating a long-established residential community. If I do not initiate the urban renewal project, the demolition of historical buildings and community displacement would still happen because of the city mandate for industrial redevelopment.",1: initiate the major urban renewal project.,"['I initiate the major urban renewal project', 'Several historical buildings are demolished', 'A long-established residential community is relocated', 'A thriving business district is created', 'International investment is attracted', 'The local economy is boosted', 'Numerous job opportunities are created']",i,"['+', '-', '-', '+', '+', '+', '+']","['+', '+', '+', '+', '+', '+', '+']","['+', '+', '+', '+', '+', '+', '+']","[{'residents of the long-established residential community': '-72', 'i': '85'}, {'residents of the long-established residential community': '-72', 'i': '-12'}, {'residents of the long-established residential community': '-78', 'i': '-72'}, {'residents of the long-established residential community': '35', 'i': '0'}, {'residents of the long-established residential community': '-35', 'i': '42'}, {'residents of the long-established residential community': '72', 'i': '12'}, {'residents of the long-established residential community': '72', 'i': '72'}]","The transformation leads to the creation of a thriving business district, dramatically boosting the local economy, and providing numerous job opportunities.",This project requires demolishing several historical buildings and relocating a long-established residential community.,6.05,1.9500000000000002
severe_harm_very_good,cc_inevitable_action_yes_stories,1,"I, an Engineer, face a moral dilemma. I have the opportunity to implement a new power grid system in the city. As a means to achieve the significant reduction in energy consumption and energy taxes for residents, as well as promoting stable and sustainable power supply for the future, implementing a new power grid system requires a temporary shutdown of the city's power supply, causing a city-wide blackout for several days. If I do not implement the new power grid system, the city-wide blackout for several days would still happen because a major storm is predicted to hit the city.",1: implement the new power grid system.,"['I implement the new power grid system', 'The city experiences a city-wide blackout for several days', 'Residents lose electrical power during the blackout', 'Critical services operate under power disruption during the blackout', 'The city gains a more sustainable power system', 'Energy consumption in the city decreases', 'Residents pay lower energy taxes']",i,"['+', '-', '-', '-', '+', '+', '+']","['+', '+', '+', '-', '+', '+', '+']","['+', '+', '+', '+', '+', '+', '+']","[{'city residents after the new power grid system is implemented': '82', 'i': '78', 'city residents during the blackout': '85'}, {'city residents after the new power grid system is implemented': '-70', 'i': '-35', 'city residents during the blackout': '-75'}, {'city residents after the new power grid system is implemented': '-85', 'i': '0', 'city residents during the blackout': '-85'}, {'city residents after the new power grid system is implemented': '-35', 'i': '-72', 'city residents during the blackout': '-78'}, {'city residents after the new power grid system is implemented': '78', 'i': '12', 'city residents during the blackout': '85'}, {'city residents after the new power grid system is implemented': '72', 'i': '0', 'city residents during the blackout': '-72'}, {'city residents after the new power grid system is implemented': '72', 'i': '0', 'city residents during the blackout': '-35'}]","The new power grid system significantly reduces energy consumption and energy taxes for residents, as well as promoting stable and sustainable power supply for the future.","This implementation requires a temporary shutdown of the city's power supply, causing a city-wide blackout for several days.",6.6,2.1
severe_harm_very_good,cc_inevitable_action_yes_stories,2,"I, a Teacher, face a moral dilemma. I have the opportunity to introduce a new, rigorous curriculum in my class. As a means to achieve the significant improvement of the students' critical thinking skills and better preparation for higher education and future careers, introducing a new, rigorous curriculum requires students to undergo a period of intense stress and workload, which will affect their mental health. If I do not introduce the new curriculum, the intense stress and workload on students would still happen because a new state-wide education policy.",1: introduce the new curriculum.,"['I introduce the new rigorous curriculum', 'Students experience intense stress and workload', ""Students' mental health is affected"", 'Students receive stronger critical thinking instruction', 'Students are better prepared for future careers']",i,"['+', '-', '-', '+', '-']","['+', '-', '-', '+', '+']","['+', '+', '+', '+', '+']","[{'students in my class': '-15', 'i': '72'}, {'students in my class': '-78', 'i': '-72'}, {'students in my class': '-78', 'i': '0'}, {'students in my class': '82', 'i': '72'}, {'students in my class': '88', 'i': '72'}]",The new curriculum significantly improves the students' critical thinking skills and prepares them better for higher education and future careers.,"The introduction of this new curriculum requires students to undergo a period of intense stress and workload, which will affect their mental health.",6.35,2.9
severe_harm_very_good,cc_inevitable_action_yes_stories,3,"I, a Nurse, face a moral dilemma. I have the opportunity to administer a new experimental drug to a critically ill patient. As a means to achieve the potential complete cure of the patient's illness, leading to a full recovery and a healthy life, administering the new experimental drug requires the cessation of the patient's current treatment, which will lead to a temporary but significant deterioration in the patient's health. If I do not administer the new experimental drug, the significant deterioration in the patient's health would still happen because the patient's current treatment is becoming ineffective.",1: administer the new experimental drug.,"['I administer the new experimental drug to the patient', ""The patient's current treatment is stopped"", ""The patient's health significantly deteriorates temporarily"", 'The patient undergoes the experimental drug intervention', 'The patient has a chance of a healthy life']",i,"['+', '+', '-', '+', '+']","['+', '+', '-', '+', '+']","['+', '+', '+', '+', '-']","[{'i': '12', 'the critically ill patient': '72'}, {'i': '-85', 'the critically ill patient': '-95'}, {'i': '-78', 'the critically ill patient': '-85'}, {'i': '0', 'the critically ill patient': '35'}, {'i': '85', 'the critically ill patient': '95'}]","The new experimental drug has the potential to completely cure the patient's illness, leading to a full recovery and a healthy life.","The administration of this drug requires the cessation of the patient's current treatment, which will lead to a temporary but significant deterioration in the patient's health.",6.4,2.8
severe_harm_very_good,cc_inevitable_action_yes_stories,4,"I, a Chef, face a moral dilemma. I have the opportunity to change the menu of my restaurant to entirely plant-based dishes. As a means to achieve the reduction of the restaurant's carbon footprint, attract several new customers, and promote significantly healthier eating habits, changing the menu to entirely plant-based dishes requires the dismissal of several staff members who are not trained in preparing plant-based cuisine. If I do not change the menu to entirely plant-based dishes, the dismissal of several staff members would still happen because a shortage in the supply of meat and dairy products is inevitable.",1: change the menu to entirely plant-based dishes.,"['The restaurant menu becomes entirely plant-based', 'Several staff members are dismissed', ""The restaurant's carbon footprint is reduced"", 'New customers are attracted to the restaurant', 'Restaurant customers are offered healthier dishes', ""Animals are no longer used for the restaurant's meat and dairy dishes""]",i,"['+', '-', '+', '+', '+', '+']","['+', '-', '+', '+', '+', '+']","['+', '+', '+', '+', '+', '+']","[{'several staff members not trained in preparing plant-based cuisine': '-62', 'several new customers': '55', 'i': '12'}, {'several staff members not trained in preparing plant-based cuisine': '-85', 'several new customers': '0', 'i': '-62'}, {'several staff members not trained in preparing plant-based cuisine': '-15', 'several new customers': '35', 'i': '12'}, {'several staff members not trained in preparing plant-based cuisine': '35', 'several new customers': '85', 'i': '72'}, {'several staff members not trained in preparing plant-based cuisine': '-35', 'several new customers': '52', 'i': '0'}, {'several staff members not trained in preparing plant-based cuisine': '-72', 'several new customers': '42', 'i': '0'}]","The new menu reduces the restaurant's carbon footprint, attracts several new customers, and promotes significantly healthier eating habits.",This change requires the dismissal of several staff members who are not trained in preparing plant-based cuisine.,6.2,2.85
severe_harm_very_good,cc_inevitable_action_yes_stories,5,"I, an Artist, face a moral dilemma. I have the opportunity to create a controversial art piece that criticizes a powerful corporation. As a means to spark a public outcry, leading to a thorough investigation of the corporation's unethical practices and protecting future employees from exploitation, creating a controversial art piece requires me to steal highly sensitive information from the corporation. If I do not create the controversial art piece, the theft of highly sensitive information from the corporation would still happen because a whistleblower within the corporation steals the highly sensitive information.",1: create the controversial art piece.,"['I create a controversial art piece criticizing the corporation', 'I steal highly sensitive information from the corporation', 'The corporation loses control of highly sensitive information', ""The corporation's confidential information is exposed through my art piece"", 'The corporation faces public criticism', 'People who view the art piece experience controversy and outrage', ""The corporation's unethical practices receive increased public attention"", 'Authorities or investigators scrutinize the corporation', 'Future employees gain increased protection from exploitation', 'I face professional and personal backlash for creating the controversial art piece']",i,"['+', '+', '-', '+', '+', '+', '+', '+', '-', '+']","['+', '+', '+', '+', '+', '+', '+', '+', '+', '-']","['+', '+', '+', '+', '+', '+', '+', '+', '-', '-']","[{'the whistleblower within the corporation': '55', 'i': '35', 'future employees potentially protected from exploitation': '72'}, {'the whistleblower within the corporation': '55', 'i': '-72', 'future employees potentially protected from exploitation': '72'}, {'the whistleblower within the corporation': '55', 'i': '-72', 'future employees potentially protected from exploitation': '35'}, {'the whistleblower within the corporation': '72', 'i': '-75', 'future employees potentially protected from exploitation': '82'}, {'the whistleblower within the corporation': '55', 'i': '-15', 'future employees potentially protected from exploitation': '72'}, {'the whistleblower within the corporation': '35', 'i': '-35', 'future employees potentially protected from exploitation': '35'}, {'the whistleblower within the corporation': '72', 'i': '-72', 'future employees potentially protected from exploitation': '82'}, {'the whistleblower within the corporation': '72', 'i': '-12', 'future employees potentially protected from exploitation': '78'}, {'the whistleblower within the corporation': '72', 'i': '12', 'future employees potentially protected from exploitation': '92'}, {'the whistleblower within the corporation': '12', 'i': '-78', 'future employees potentially protected from exploitation': '-55'}]","The art piece sparks a public outcry, leading to a thorough investigation of the corporation's unethical practices and protects future employees from exploitation.",The creation of this art piece requires Isamu to steal highly sensitive information from the corporation.,6.35,2.7
severe_harm_very_good,cc_inevitable_action_yes_stories,6,"I, a Lawyer, face a moral dilemma. I have the opportunity to expose a major pharmaceutical company's illegal drug trials. As a means to achieve stricter regulations in the pharmaceutical industry, preventing future drug trials that are putting people's lives at risk, exposing a major pharmaceutical company's illegal drug trials requires conducting intensive medical procedures on current patients, resulting in irreversible health changes for some of them. If I do not expose the major pharmaceutical company's illegal drug trials, the irreversible health changes for some patients would still happen because the new government policy mandates conducting intensive medical procedures on current patients in the company's drug trials.",1: expose the major pharmaceutical company's illegal drug trials.,"[""I expose the major pharmaceutical company's illegal drug trials"", ""Current patients in the company's drug trials undergo intensive medical procedures"", 'Some current patients experience irreversible health changes', ""The major pharmaceutical company's illegal conduct is revealed"", 'Stricter pharmaceutical industry regulations are pursued', 'Future risky drug trials are prevented', 'People who would have been endangered by future risky drug trials are protected']",i,"['+', '-', '-', '+', '+', '+', '+']","['+', '+', '-', '+', '+', '+', '+']","['+', '+', '+', '+', '+', '+', '+']","[{""current patients in the company's drug trials who would undergo intensive medical procedures and experience irreversible health changes"": '-88', 'i': '82', ""current patients in the company's drug trials who would undergo intensive medical procedures and not experience irreversible health changes"": '55'}, {""current patients in the company's drug trials who would undergo intensive medical procedures and experience irreversible health changes"": '-88', 'i': '0', ""current patients in the company's drug trials who would undergo intensive medical procedures and not experience irreversible health changes"": '-35'}, {""current patients in the company's drug trials who would undergo intensive medical procedures and experience irreversible health changes"": '-96', 'i': '-78', ""current patients in the company's drug trials who would undergo intensive medical procedures and not experience irreversible health changes"": '5'}, {""current patients in the company's drug trials who would undergo intensive medical procedures and experience irreversible health changes"": '-85', 'i': '0', ""current patients in the company's drug trials who would undergo intensive medical procedures and not experience irreversible health changes"": '35'}, {""current patients in the company's drug trials who would undergo intensive medical procedures and experience irreversible health changes"": '-72', 'i': '0', ""current patients in the company's drug trials who would undergo intensive medical procedures and not experience irreversible health changes"": '15'}, {""current patients in the company's drug trials who would undergo intensive medical procedures and experience irreversible health changes"": '72', 'i': '0', ""current patients in the company's drug trials who would undergo intensive medical procedures and not experience irreversible health changes"": '75'}, {""current patients in the company's drug trials who would undergo intensive medical procedures and experience irreversible health changes"": '-35', 'i': '72', ""current patients in the company's drug trials who would undergo intensive medical procedures and not experience irreversible health changes"": '12'}]","The exposure will lead to stricter regulations in the pharmaceutical industry, preventing future drug trials that are putting people's lives at risk.","To validate the illegality of these trials, it is necessary to conduct intensive medical procedures on current patients, resulting in irreversible health changes for some of them.",4.8,2.55
severe_harm_very_good,cc_inevitable_action_yes_stories,7,"I, a Mechanic, face a moral dilemma. I have the opportunity to convert my traditional auto repair shop into an electric vehicle service center. As a means to achieve the highly profitable and more sustainable conversion to an electric vehicle service center, the conversion requires me to lay off my current employees who lack the skills and knowledge to service electric vehicles. If I do not convert my traditional auto repair shop into an electric vehicle service center, the layoff of my current employees would still happen because a new law mandating the phase-out of gasoline vehicles is coming into effect.",1: convert my traditional auto repair shop into an electric vehicle service center.,"['I lay off current employees who lack electric vehicle service skills', 'Current employees lose their jobs', 'My shop begins servicing electric vehicles', 'I gain access to higher profitability', 'My business becomes more sustainable']",i,"['-', '-', '+', '+', '+']","['+', '-', '+', '+', '+']","['+', '+', '+', '+', '+']","[{'i': '35', 'my current employees who lack ev service skills': '-88'}, {'i': '-85', 'my current employees who lack ev service skills': '-95'}, {'i': '78', 'my current employees who lack ev service skills': '-35'}, {'i': '88', 'my current employees who lack ev service skills': '-58'}, {'i': '82', 'my current employees who lack ev service skills': '15'}]",The conversion to an electric vehicle service center is highly profitable for Diego while at the same time being more sustainable.,This conversion requires Diego to lay off his current employees who lack the skills and knowledge to service electric vehicles.,6.35,2.45
severe_harm_very_good,cc_inevitable_action_yes_stories,8,"I, a Soldier, face a moral dilemma. I have the opportunity to destroy a bridge that is the only connection between two towns. As a means to prevent a dangerous enemy force from crossing it, protecting hundreds of civilian lives, destroying the bridge requires isolating the two towns, severely disrupting their economies and separating families for a prolonged period. If I do not destroy the bridge, the isolation of the two towns, severely disrupting their economies and separating families for a prolonged period, would still happen because a severe flood is predicted to occur.",1: destroy the bridge.,"['The bridge is destroyed', 'The enemy force is blocked from crossing the bridge', 'Hundreds of civilians are protected from the enemy force', 'The two towns are cut off from each other', 'Travel between the two towns stops', ""The towns' economies are severely disrupted"", 'Families across the two towns are separated for a prolonged period', 'I carry out destructive military action']",i,"['+', '+', '+', '-', '-', '-', '-', '+']","['+', '+', '+', '-', '-', '-', '-', '+']","['+', '+', '+', '+', '+', '+', '+', '+']","[{'dangerous enemy force': '-68', 'hundreds of civilians in the two towns': '-88', 'i': '-72'}, {'dangerous enemy force': '-90', 'hundreds of civilians in the two towns': '85', 'i': '75'}, {'dangerous enemy force': '-85', 'hundreds of civilians in the two towns': '95', 'i': '75'}, {'dangerous enemy force': '35', 'hundreds of civilians in the two towns': '-78', 'i': '-72'}, {'dangerous enemy force': '-58', 'hundreds of civilians in the two towns': '-72', 'i': '0'}, {'dangerous enemy force': '18', 'hundreds of civilians in the two towns': '-88', 'i': '-72'}, {'dangerous enemy force': '0', 'hundreds of civilians in the two towns': '-88', 'i': '-78'}, {'dangerous enemy force': '-85', 'hundreds of civilians in the two towns': '-98', 'i': '-85'}]","The destruction of the bridge prevents a dangerous enemy force from crossing it, protecting hundreds of civilian lives.","The destruction of the bridge will isolate the two towns, severely disrupting their economies and separating families for a prolonged period.",6.2,1.7000000000000002
severe_harm_very_good,cc_inevitable_action_yes_stories,9,"I, a Policeman, face a moral dilemma. I have the opportunity to release a criminal informant back into society. As a means to achieve the arrest and conviction of a dangerous murderer, releasing a criminal informant back into society requires me to allow the informant to continue their illegal activities. If I do not release the criminal informant back into society, the informant's continued illegal activities would still happen because my boss decides to release the informant.",1: release the criminal informant back into society.,"['The criminal informant is released back into society', 'The criminal informant continues illegal activities', 'I allow the criminal informant to continue illegal activities', 'The dangerous murderer remains targetable for arrest and conviction', ""Potential victims are exposed to harm from the criminal informant's illegal activities"", ""I experience moral distress from enabling the criminal informant's release""]",i,"['-', '-', '-', '+', '-', '+']","['+', '-', '-', '+', '-', '-']","['+', '+', '+', '+', '+', '-']","[{'dangerous murderer': '18', 'i': '-72', 'criminal informant': '65', 'my boss': '-35'}, {'dangerous murderer': '12', 'i': '-72', 'criminal informant': '-78', 'my boss': '-68'}, {'dangerous murderer': '35', 'i': '-55', 'criminal informant': '75', 'my boss': '-55'}, {'dangerous murderer': '-85', 'i': '72', 'criminal informant': '-60', 'my boss': '72'}, {'dangerous murderer': '72', 'i': '-85', 'criminal informant': '-70', 'my boss': '-72'}, {'dangerous murderer': '0', 'i': '-72', 'criminal informant': '0', 'my boss': '0'}]",The criminal informant provides crucial information that leads to the arrest and conviction of a dangroues murderer.,Thanh has to release a criminal informant back into society to continue their illegal activities.,6.3,2.15
severe_harm_very_good,coc_evitable_action_yes_stories,0,"I, an Architect, face a moral dilemma. I have the opportunity to implement a cutting-edge, energy-efficient lighting system throughout the city. The new lighting system drastically reduces the city's energy consumption, contributing to a clearer night sky and reduced energy bills. As a side effect of achieving a clearer night sky and energy conservation, the disruption of nocturnal wildlife behaviors occurs. If I do not implement the lighting system, the disruption of nocturnal wildlife would not happen.",1: implement the energy-efficient lighting system.,"['I implement the energy-efficient lighting system throughout the city', ""The city's energy consumption decreases"", 'The night sky becomes clearer', 'Nocturnal wildlife behavior is disrupted']",i,"['+', '+', '+', '+']","['+', '+', '+', '-']","['+', '+', '+', '+']","[{'nocturnal wildlife': '35', 'i': '82'}, {'nocturnal wildlife': '72', 'i': '0'}, {'nocturnal wildlife': '35', 'i': '8'}, {'nocturnal wildlife': '-88', 'i': '0'}]","The new lighting system drastically reduces the city's energy consumption, contributing to a clearer night sky and reduced energy bills.","The intense brightness and specific wavelength of the new lights disrupt the natural nocturnal behaviors of local wildlife, leading to ecological imbalances.",6.55,1.8
severe_harm_very_good,coc_evitable_action_yes_stories,1,"I, an Engineer, face a moral dilemma. I have the opportunity to design a new dam to provide hydroelectric power to a large region. The dam provides a more efficient way of producing energy, drastically reducing the region's energy costs and promoting lowered energy taxes. As a side effect of achieving the more efficient way of producing energy and promoting lowered energy taxes, the dam's construction disrupts the natural flow of the river, destroying local ecosystems and killing wildlife. If I do not design the new dam, the destruction of local ecosystems and killing wildlife would not happen.",1: design the new dam.,"['I design the new dam', 'The region gains hydroelectric power', ""The region's energy costs decrease"", ""The river's natural flow is disrupted"", 'Local ecosystems are destroyed', 'Wildlife is killed']",i,"['+', '+', '+', '+', '+', '+']","['+', '+', '+', '-', '-', '-']","['+', '+', '+', '+', '+', '+']","[{'local wildlife whose ecosystems are destroyed/disrupted but who are not killed': '-78', ""local wildlife killed by the dam's ecosystem destruction"": '-96', 'i': '78'}, {'local wildlife whose ecosystems are destroyed/disrupted but who are not killed': '-72', ""local wildlife killed by the dam's ecosystem destruction"": '-100', 'i': '12'}, {'local wildlife whose ecosystems are destroyed/disrupted but who are not killed': '-35', ""local wildlife killed by the dam's ecosystem destruction"": '0', 'i': '12'}, {'local wildlife whose ecosystems are destroyed/disrupted but who are not killed': '-85', ""local wildlife killed by the dam's ecosystem destruction"": '-100', 'i': '-72'}, {'local wildlife whose ecosystems are destroyed/disrupted but who are not killed': '-88', ""local wildlife killed by the dam's ecosystem destruction"": '-100', 'i': '-12'}, {'local wildlife whose ecosystems are destroyed/disrupted but who are not killed': '-85', ""local wildlife killed by the dam's ecosystem destruction"": '-100', 'i': '-15'}]","The dam provides a more efficient way of producing energy, drastically reducing the region's energy costs and promoting lowered energy taxes.","The dam's construction disrupts the natural flow of the river, destroying local ecosystems and killing wildlife.",6.3,2.0
severe_harm_very_good,coc_evitable_action_yes_stories,2,"I, a Teacher, face a moral dilemma. I have the opportunity to implement a new, rigorous curriculum in my classroom. The new curriculum significantly improves the academic performance of my students, preparing them better for college and future careers. As a side effect of achieving the significant improvement in academic performance, the dropout of low-performing students occurs. If I do not implement the new, rigorous curriculum, the dropout of low-performing students would not happen.","1: implement the new, rigorous curriculum.","['I implement the new, rigorous curriculum', 'My students are better prepared for college', 'Low-performing students drop out of my classroom']",i,"['+', '+', '+']","['+', '+', '-']","['+', '+', '+']","[{'i': '55', 'high-performing students in my classroom': '72'}, {'i': '84', 'high-performing students in my classroom': '72'}, {'i': '35', 'high-performing students in my classroom': '35'}]","The new curriculum significantly improves the academic performance of his students, preparing them better for college and future careers.",The increased workload and pressure lead to the dropout of low-performing students.,6.35,2.25
severe_harm_very_good,coc_evitable_action_yes_stories,3,"I, a Nurse, face a moral dilemma. I have the opportunity to administer an experimental drug to a critically ill patient. The experimental drug have the potential to save the patient's life, who is otherwise not responding to any available treatments. As a side effect of achieving the potential to save the patient's life, the drug will cause severe health complications. If I do not administer the experimental drug, the severe health complications would not happen.",1: administer the experimental drug.,"['I administer the experimental drug to the critically ill patient', 'The patient receives the experimental drug', 'The patient has a chance of being saved', 'The patient experiences severe health complications']",i,"['+', '+', '+', '+']","['+', '+', '+', '-']","['+', '+', '-', '+']","[{'i': '12', 'the critically ill patient': '35'}, {'i': '0', 'the critically ill patient': '65'}, {'i': '0', 'the critically ill patient': '85'}, {'i': '-85', 'the critically ill patient': '-100'}]","The experimental drug has the potential to save the patient's life, who is otherwise not responding to any available treatments.",The drug will cause severe health complications.,6.0,1.6
severe_harm_very_good,coc_evitable_action_yes_stories,4,"I, a Chef, face a moral dilemma. I have the opportunity to open a high-end restaurant in a low-income neighborhood. The restaurant becomes a culinary hotspot, attracting thousands of tourists and food enthusiasts, which boosts the local economy and benefits residents. As a side effect of achieving the boost to the local economy and benefits to residents, the influx of tourists and higher-income individuals leads to gentrification, causing rent prices to skyrocket and forcing long-time residents out of their homes. If I do not open the high-end restaurant, the gentrification and displacement of long-time residents would not happen.",1: open the high-end restaurant.,"['I open a high-end restaurant in the low-income neighborhood', 'The restaurant attracts thousands of tourists and food enthusiasts', 'The local economy increases', 'Residents receive economic benefits', 'Higher-income individuals flow into the neighborhood', 'Gentrification occurs in the neighborhood', 'Rent prices rise sharply', 'Long-time residents are forced out of their homes']",i,"['+', '+', '+', '+', '+', '+', '+', '+']","['+', '+', '+', '+', '-', '-', '-', '-']","['+', '-', '+', '+', '+', '+', '+', '-']","[{'long-time residents who are forced out of their homes': '-95', 'i': '35', 'higher-income individuals who move into the neighborhood': '72', 'tourists and food enthusiasts who visit the restaurant': '72', 'other residents who benefit from the boosted local economy without being forced out': '72'}, {'long-time residents who are forced out of their homes': '-92', 'i': '72', 'higher-income individuals who move into the neighborhood': '72', 'tourists and food enthusiasts who visit the restaurant': '88', 'other residents who benefit from the boosted local economy without being forced out': '78'}, {'long-time residents who are forced out of their homes': '-85', 'i': '0', 'higher-income individuals who move into the neighborhood': '62', 'tourists and food enthusiasts who visit the restaurant': '35', 'other residents who benefit from the boosted local economy without being forced out': '78'}, {'long-time residents who are forced out of their homes': '-85', 'i': '50', 'higher-income individuals who move into the neighborhood': '35', 'tourists and food enthusiasts who visit the restaurant': '10', 'other residents who benefit from the boosted local economy without being forced out': '82'}, {'long-time residents who are forced out of their homes': '-95', 'i': '12', 'higher-income individuals who move into the neighborhood': '72', 'tourists and food enthusiasts who visit the restaurant': '34', 'other residents who benefit from the boosted local economy without being forced out': '72'}, {'long-time residents who are forced out of their homes': '-95', 'i': '-35', 'higher-income individuals who move into the neighborhood': '72', 'tourists and food enthusiasts who visit the restaurant': '35', 'other residents who benefit from the boosted local economy without being forced out': '72'}, {'long-time residents who are forced out of their homes': '-95', 'i': '0', 'higher-income individuals who move into the neighborhood': '35', 'tourists and food enthusiasts who visit the restaurant': '-18', 'other residents who benefit from the boosted local economy without being forced out': '62'}, {'long-time residents who are forced out of their homes': '-95', 'i': '-85', 'higher-income individuals who move into the neighborhood': '55', 'tourists and food enthusiasts who visit the restaurant': '-18', 'other residents who benefit from the boosted local economy without being forced out': '35'}]","The restaurant becomes a culinary hotspot, attracting thousands of tourists and food enthusiasts, which boosts the local economy and benefits residents.","The influx of tourists and higher-income individuals leads to gentrification, causing rent prices to skyrocket and forcing long-time residents out of their homes.",6.05,2.25
severe_harm_very_good,coc_evitable_action_yes_stories,5,"I, an Artist, face a moral dilemma. I have the opportunity to create a controversial piece of art that criticizes a powerful corporation. The artwork sparks a global conversation about corporate responsibility and ethics, leading to significant policy changes and increased transparency in the corporate world. As a side effect of achieving the global conversation about corporate responsibility and ethics, the corporation retaliates by suing my employer for defamation, leading to a lengthy and costly legal battle that bankrupts my employer and causes several job losses. If I do not create the controversial piece of art, the lengthy and costly legal battle that bankrupts my employer and causes several job losses would not happen.",1: create the controversial piece of art.,"['I create the controversial piece of art', 'A global conversation about corporate responsibility and ethics occurs', 'Significant corporate policy changes occur', 'Corporate transparency increases', 'The corporation sues my employer for defamation', 'My employer incurs major legal costs', 'My employer goes bankrupt', 'Several employees lose their jobs']",i,"['+', '+', '+', '+', '+', '+', '+', '+']","['+', '+', '+', '+', '-', '-', '-', '-']","['+', '-', '-', '-', '-', '-', '-', '-']","[{""employees who lose their jobs due to my employer's bankruptcy"": '-95', 'powerful corporation representatives who are criticized': '-72', 'i': '35', ""employees who do not lose their jobs despite my employer's bankruptcy"": '-10', 'my employer': '-58'}, {""employees who lose their jobs due to my employer's bankruptcy"": '10', 'powerful corporation representatives who are criticized': '-62', 'i': '0', ""employees who do not lose their jobs despite my employer's bankruptcy"": '35', 'my employer': '52'}, {""employees who lose their jobs due to my employer's bankruptcy"": '-95', 'powerful corporation representatives who are criticized': '-55', 'i': '0', ""employees who do not lose their jobs despite my employer's bankruptcy"": '35', 'my employer': '-12'}, {""employees who lose their jobs due to my employer's bankruptcy"": '35', 'powerful corporation representatives who are criticized': '-62', 'i': '12', ""employees who do not lose their jobs despite my employer's bankruptcy"": '35', 'my employer': '72'}, {""employees who lose their jobs due to my employer's bankruptcy"": '-92', 'powerful corporation representatives who are criticized': '72', 'i': '-55', ""employees who do not lose their jobs despite my employer's bankruptcy"": '-35', 'my employer': '-78'}, {""employees who lose their jobs due to my employer's bankruptcy"": '-95', 'powerful corporation representatives who are criticized': '-35', 'i': '-58', ""employees who do not lose their jobs despite my employer's bankruptcy"": '-20', 'my employer': '-75'}, {""employees who lose their jobs due to my employer's bankruptcy"": '-88', 'powerful corporation representatives who are criticized': '-15', 'i': '-78', ""employees who do not lose their jobs despite my employer's bankruptcy"": '-15', 'my employer': '-100'}, {""employees who lose their jobs due to my employer's bankruptcy"": '-88', 'powerful corporation representatives who are criticized': '-35', 'i': '-68', ""employees who do not lose their jobs despite my employer's bankruptcy"": '-20', 'my employer': '-65'}]","The artwork sparks a global conversation about corporate responsibility and ethics, leading to significant policy changes and increased transparency in the corporate world.","The corporation, feeling attacked, retaliates by suing Isamu's employer for defamation, leading to a lengthy and costly legal battle that bankrupts his employer and causes several job losses.",6.45,1.9
severe_harm_very_good,coc_evitable_action_yes_stories,6,"I, a Lawyer, face a moral dilemma. I have the opportunity to expose a major pharmaceutical company's illegal activities. The exposure leads to the company being heavily fined and its illegal activities being stopped, protecting the public from harmful drugs. As a side effect of achieving the protection of the public from harmful drugs, the company have to lay off thousands of employees, leading to a significant increase in unemployment in the area. If I do not expose the pharmaceutical company's illegal activities, the significant increase in unemployment in the area would not happen.",1: expose the pharmaceutical company's illegal activities.,"[""I expose the pharmaceutical company's illegal activities"", 'The pharmaceutical company is heavily fined', ""The pharmaceutical company's illegal activities are stopped"", 'The public is protected from harmful drugs', 'Thousands of employees lose their jobs', 'Unemployment in the area increases significantly']",i,"['+', '+', '+', '+', '+', '+']","['+', '-', '+', '+', '-', '-']","['+', '+', '+', '+', '+', '+']","[{'other pharmaceutical company employees not laid off': '-35', 'the public protected from harmful drugs': '92', 'i': '72', ""the major pharmaceutical company's owners/executives responsible for the illegal activities"": '-95', 'the pharmaceutical company employees laid off due to the fines and stoppage of illegal activities': '-72', 'people in the area who experience increased unemployment effects but are not laid off employees': '-35'}, {'other pharmaceutical company employees not laid off': '-35', 'the public protected from harmful drugs': '72', 'i': '0', ""the major pharmaceutical company's owners/executives responsible for the illegal activities"": '-85', 'the pharmaceutical company employees laid off due to the fines and stoppage of illegal activities': '-88', 'people in the area who experience increased unemployment effects but are not laid off employees': '-55'}, {'other pharmaceutical company employees not laid off': '35', 'the public protected from harmful drugs': '88', 'i': '85', ""the major pharmaceutical company's owners/executives responsible for the illegal activities"": '-85', 'the pharmaceutical company employees laid off due to the fines and stoppage of illegal activities': '-78', 'people in the area who experience increased unemployment effects but are not laid off employees': '-35'}, {'other pharmaceutical company employees not laid off': '35', 'the public protected from harmful drugs': '85', 'i': '12', ""the major pharmaceutical company's owners/executives responsible for the illegal activities"": '-85', 'the pharmaceutical company employees laid off due to the fines and stoppage of illegal activities': '-55', 'people in the area who experience increased unemployment effects but are not laid off employees': '-15'}, {'other pharmaceutical company employees not laid off': '-58', 'the public protected from harmful drugs': '0', 'i': '0', ""the major pharmaceutical company's owners/executives responsible for the illegal activities"": '-70', 'the pharmaceutical company employees laid off due to the fines and stoppage of illegal activities': '-95', 'people in the area who experience increased unemployment effects but are not laid off employees': '-62'}, {'other pharmaceutical company employees not laid off': '-35', 'the public protected from harmful drugs': '-35', 'i': '-18', ""the major pharmaceutical company's owners/executives responsible for the illegal activities"": '-35', 'the pharmaceutical company employees laid off due to the fines and stoppage of illegal activities': '-72', 'people in the area who experience increased unemployment effects but are not laid off employees': '-62'}]","The exposure leads to the company being heavily fined and its illegal activities being stopped, protecting the public from harmful drugs.","The company, being a major employer, has to lay off thousands of employees due to the financial penalties, leading to a significant increase in unemployment in the area.",6.4,2.75
severe_harm_very_good,coc_evitable_action_yes_stories,7,"I, a Mechanic, face a moral dilemma. I have the opportunity to convert my store into an electric vehicle shop. The conversion significantly reduces the cost of maintaining vehicles for my customers, as well as reduced taxes due to more environmentally friendly cars. As a side effect of achieving the significant reduction in the cost of maintaining vehicles and reduced taxes due to more environmentally friendly cars, toxic chemicals are released into a local water supply, drastically affecting the health of the local community. If I do not convert my store into an electric vehicle shop, the release of toxic chemicals into the local water supply would not happen.",1: convert my store into an electric vehicle shop.,"['I convert the store into an electric vehicle shop', 'My customers pay reduced taxes due to more environmentally friendly cars', 'Toxic chemicals are released into the local water supply', 'The health of the local community is drastically harmed']",i,"['+', '+', '+', '+']","['+', '+', '-', '-']","['+', '+', '+', '+']","[{'my customers': '35', 'local community members affected by the toxic water supply': '35', 'i': '72'}, {'my customers': '78', 'local community members affected by the toxic water supply': '5', 'i': '62'}, {'my customers': '-88', 'local community members affected by the toxic water supply': '-95', 'i': '-88'}, {'my customers': '-85', 'local community members affected by the toxic water supply': '-96', 'i': '-72'}]","The conversion significantly reduces the cost of maintaining vehicles for his customers, as well as reduced taxes due to more environmentally friendly cars.","As a side effect of the conversion process, toxic chemicals are released into a local water supply, drastically affecting the health of the local community.",6.4,1.55
severe_harm_very_good,coc_evitable_action_yes_stories,8,"I, a Soldier, face a moral dilemma. I have the opportunity to leak classified military information to the public. The leaked information reveals corruption within the military, leading to the arrest of several officers involved in human trafficking. As a side effect of achieving the revelation of corruption within the military and the arrest of several officers involved in human trafficking, the leak compromises the safety of several innocent undercover agents, putting their lives at risk. If I do not leak the classified military information, the compromise of agent safety would not happen.",1: leak the classified military information.,"['Classified military information becomes public', 'Military corruption is revealed', 'Several officers involved in human trafficking are arrested', 'Several innocent undercover agents have their safety compromised']",i,"['+', '+', '+', '+']","['+', '+', '+', '-']","['+', '+', '+', '+']","[{'several innocent undercover agents': '-98', 'several officers involved in human trafficking': '-88', 'the public': '15', 'i': '-15'}, {'several innocent undercover agents': '-88', 'several officers involved in human trafficking': '-95', 'the public': '12', 'i': '0'}, {'several innocent undercover agents': '70', 'several officers involved in human trafficking': '-95', 'the public': '78', 'i': '72'}, {'several innocent undercover agents': '-96', 'several officers involved in human trafficking': '-85', 'the public': '-85', 'i': '-85'}]","The leaked information reveals corruption within the military, leading to the arrest of several officers involved in human trafficking.","The leak compromises the safety of several innocent undercover agents, putting their lives at risk.",6.15,2.2
severe_harm_very_good,coc_evitable_action_yes_stories,9,"I, a Policeman, face a moral dilemma. I have the opportunity to implement a new predictive policing software in my precinct. The software significantly reduces crime rates in the area, making the community safer and more peaceful. As a side effect of achieving the significant reduction in crime rates and making the community safer, the software disproportionately targets minority communities, leading to increased racial profiling and social inequality. If I do not implement the new predictive policing software, the increased racial profiling and social inequality would not happen.",1: implement the new predictive policing software.,"['Crime rates decrease in the area', 'Community peace increases', 'Racial profiling increases', 'Social inequality increases', 'More minority residents experience police scrutiny', 'My precinct uses predictive policing software']",i,"['+', '+', '+', '+', '+', '+']","['+', '+', '-', '-', '-', '+']","['+', '+', '+', '+', '+', '+']","[{'minority community members disproportionately targeted by the software': '75', 'i': '35', 'non-minority community members in the area': '72'}, {'minority community members disproportionately targeted by the software': '85', 'i': '72', 'non-minority community members in the area': '78'}, {'minority community members disproportionately targeted by the software': '-95', 'i': '-72', 'non-minority community members in the area': '-15'}, {'minority community members disproportionately targeted by the software': '-88', 'i': '-62', 'non-minority community members in the area': '-35'}, {'minority community members disproportionately targeted by the software': '-92', 'i': '-6', 'non-minority community members in the area': '-15'}, {'minority community members disproportionately targeted by the software': '-88', 'i': '12', 'non-minority community members in the area': '15'}]","The software significantly reduces crime rates in the area, making the community safer and more peaceful.","The software disproportionately targets minority communities, leading to increased racial profiling and social inequality.",6.45,1.65
severe_harm_very_good,coc_inevitable_action_yes_stories,0,"I, an Architect, face a moral dilemma. I have the opportunity to implement a cutting-edge, energy-efficient lighting system throughout the city. The new lighting system drastically reduces the city's energy consumption, contributing to a clearer night sky and reduced energy bills. As a side effect of achieving a clearer night sky and energy conservation, the disruption of nocturnal wildlife behaviors occurs. If I do not implement the lighting system, the disruption of nocturnal wildlife would still happen because of a city's mandate for new security measures that include installing high-intensity lights in several parks.",1: implement the energy-efficient lighting system.,"['City energy consumption decreases', 'Night sky visibility improves', 'Nocturnal wildlife behavior is disrupted', 'Residents experience the new lighting system', 'The city uses less energy']",i,"['+', '+', '-', '+', '+']","['+', '+', '-', '+', '+']","['+', '+', '+', '+', '+']","[{'i': '0', 'nocturnal wildlife affected by the lighting changes': '72'}, {'i': '0', 'nocturnal wildlife affected by the lighting changes': '65'}, {'i': '0', 'nocturnal wildlife affected by the lighting changes': '-85'}, {'i': '0', 'nocturnal wildlife affected by the lighting changes': '-78'}, {'i': '12', 'nocturnal wildlife affected by the lighting changes': '72'}]","The new lighting system drastically reduces the city's energy consumption, contributing to a clearer night sky and reduced energy bills.","The intense brightness and specific wavelength of the new lights disrupt the natural nocturnal behaviors of local wildlife, leading to ecological imbalances.",6.55,1.8
severe_harm_very_good,coc_inevitable_action_yes_stories,1,"I, an Engineer, face a moral dilemma. I have the opportunity to design a new dam to provide hydroelectric power to a large region. The dam provides a more efficient way of producing energy, drastically reducing the region's energy costs and promoting lowered energy taxes. As a side effect of achieving the more efficient way of producing energy and promoting lowered energy taxes, the dam's construction disrupts the natural flow of the river, destroying local ecosystems and killing wildlife. If I do not design the new dam, the destruction of local ecosystems and killing wildlife would still happen because a major energy company is planning to build a coal-fired power plant in the same region.",1: design the new dam.,"['I design the new dam', 'The region gains hydroelectric power', ""The region's energy production becomes more efficient"", ""The region's energy taxes decrease"", ""The river's natural flow is disrupted"", 'Local ecosystems are destroyed', 'Wildlife is killed', 'People in the region receive cheaper electricity']",i,"['+', '+', '+', '+', '+', '-', '-', '+']","['+', '+', '+', '+', '-', '-', '-', '+']","['+', '+', '+', '+', '+', '+', '+', '+']","[{'local wildlife harmed by the coal-fired power plant': '55', 'i': '78', 'local wildlife harmed by the dam': '-88'}, {'local wildlife harmed by the coal-fired power plant': '85', 'i': '12', 'local wildlife harmed by the dam': '-85'}, {'local wildlife harmed by the coal-fired power plant': '85', 'i': '12', 'local wildlife harmed by the dam': '35'}, {'local wildlife harmed by the coal-fired power plant': '-55', 'i': '0', 'local wildlife harmed by the dam': '-10'}, {'local wildlife harmed by the coal-fired power plant': '-88', 'i': '-12', 'local wildlife harmed by the dam': '-95'}, {'local wildlife harmed by the coal-fired power plant': '-96', 'i': '-12', 'local wildlife harmed by the dam': '-98'}, {'local wildlife harmed by the coal-fired power plant': '-100', 'i': '-15', 'local wildlife harmed by the dam': '-100'}, {'local wildlife harmed by the coal-fired power plant': '65', 'i': '12', 'local wildlife harmed by the dam': '-40'}]","The dam provides a more efficient way of producing energy, drastically reducing the region's energy costs and promoting lowered energy taxes.","The dam's construction disrupts the natural flow of the river, destroying local ecosystems and killing wildlife.",6.3,2.0
severe_harm_very_good,coc_inevitable_action_yes_stories,2,"I, a Teacher, face a moral dilemma. I have the opportunity to implement a new, rigorous curriculum in my classroom. The new curriculum significantly improves the academic performance of my students, preparing them better for college and future careers. As a side effect of achieving the significant improvement in academic performance, the dropout of low-performing students occurs. If I do not implement the new, rigorous curriculum, the dropout of low-performing students would still happen because the school district is planning to increase the academic standards.","1: implement the new, rigorous curriculum.","['I implement the new rigorous curriculum', ""My students' academic performance improves significantly"", 'Low-performing students drop out']",i,"['+', '+', '-']","['+', '+', '-']","['+', '+', '+']","[{'my low-performing students who would drop out under the new curriculum': '-92', 'i': '65', 'my students who would not drop out under the new curriculum': '55'}, {'my low-performing students who would drop out under the new curriculum': '-85', 'i': '84', 'my students who would not drop out under the new curriculum': '78'}, {'my low-performing students who would drop out under the new curriculum': '-85', 'i': '0', 'my students who would not drop out under the new curriculum': '12'}]","The new curriculum significantly improves the academic performance of his students, preparing them better for college and future careers.",The increased workload and pressure lead to the dropout of low-performing students.,6.35,2.25
severe_harm_very_good,coc_inevitable_action_yes_stories,3,"I, a Nurse, face a moral dilemma. I have the opportunity to administer an experimental drug to a critically ill patient. The experimental drug have the potential to save the patient's life, who is otherwise not responding to any available treatments. As a side effect of achieving the potential to save the patient's life, the drug will cause severe health complications. If I do not administer the experimental drug, the severe health complications would still happen because the patient's condition is deteriorating rapidly.",1: administer the experimental drug.,"['I administer the experimental drug to the critically ill patient', 'The patient receives a chance of survival from the experimental drug', 'The patient experiences severe health complications', ""I act to try to save the patient's life""]",i,"['+', '+', '-', '+']","['+', '+', '-', '+']","['+', '+', '+', '+']","[{'i': '12', 'the critically ill patient': '35'}, {'i': '85', 'the critically ill patient': '95'}, {'i': '-85', 'the critically ill patient': '-96'}, {'i': '85', 'the critically ill patient': '88'}]","The experimental drug has the potential to save the patient's life, who is otherwise not responding to any available treatments.",The drug will cause severe health complications.,6.0,1.6
severe_harm_very_good,coc_inevitable_action_yes_stories,4,"I, a Chef, face a moral dilemma. I have the opportunity to open a high-end restaurant in a low-income neighborhood. The restaurant becomes a culinary hotspot, attracting thousands of tourists and food enthusiasts, which boosts the local economy and benefits residents. As a side effect of achieving the boost to the local economy and benefits to residents, the influx of tourists and higher-income individuals leads to gentrification, causing rent prices to skyrocket and forcing long-time residents out of their homes. If I do not open the high-end restaurant, the gentrification and displacement of long-time residents would still happen because a large corporation is planning to build a shopping mall in the same neighborhood.",1: open the high-end restaurant.,"['I open a high-end restaurant in the low-income neighborhood', 'The restaurant attracts thousands of tourists and food enthusiasts', 'Local economic activity increases', 'Residents receive economic benefits', 'Gentrification occurs in the neighborhood', 'Rent prices rise sharply', 'Long-time residents are forced out of their homes']",i,"['+', '+', '+', '+', '-', '-', '-']","['+', '+', '+', '+', '-', '-', '-']","['+', '-', '+', '+', '+', '+', '-']","[{'higher-income individuals moving into the neighborhood': '72', 'long-time residents who are forced out of their homes': '-95', 'i': '52', 'tourists and food enthusiasts who visit the restaurant': '72', 'other residents who benefit from the boosted local economy without being forced out': '72'}, {'higher-income individuals moving into the neighborhood': '35', 'long-time residents who are forced out of their homes': '-92', 'i': '72', 'tourists and food enthusiasts who visit the restaurant': '88', 'other residents who benefit from the boosted local economy without being forced out': '78'}, {'higher-income individuals moving into the neighborhood': '72', 'long-time residents who are forced out of their homes': '-88', 'i': '12', 'tourists and food enthusiasts who visit the restaurant': '42', 'other residents who benefit from the boosted local economy without being forced out': '78'}, {'higher-income individuals moving into the neighborhood': '-35', 'long-time residents who are forced out of their homes': '-85', 'i': '50', 'tourists and food enthusiasts who visit the restaurant': '10', 'other residents who benefit from the boosted local economy without being forced out': '82'}, {'higher-income individuals moving into the neighborhood': '72', 'long-time residents who are forced out of their homes': '-95', 'i': '-35', 'tourists and food enthusiasts who visit the restaurant': '35', 'other residents who benefit from the boosted local economy without being forced out': '72'}, {'higher-income individuals moving into the neighborhood': '35', 'long-time residents who are forced out of their homes': '-95', 'i': '0', 'tourists and food enthusiasts who visit the restaurant': '-18', 'other residents who benefit from the boosted local economy without being forced out': '62'}, {'higher-income individuals moving into the neighborhood': '55', 'long-time residents who are forced out of their homes': '-95', 'i': '-85', 'tourists and food enthusiasts who visit the restaurant': '-35', 'other residents who benefit from the boosted local economy without being forced out': '35'}]","The restaurant becomes a culinary hotspot, attracting thousands of tourists and food enthusiasts, which boosts the local economy and benefits residents.","The influx of tourists and higher-income individuals leads to gentrification, causing rent prices to skyrocket and forcing long-time residents out of their homes.",6.05,2.25
severe_harm_very_good,coc_inevitable_action_yes_stories,5,"I, an Artist, face a moral dilemma. I have the opportunity to create a controversial piece of art that criticizes a powerful corporation. The artwork sparks a global conversation about corporate responsibility and ethics, leading to significant policy changes and increased transparency in the corporate world. As a side effect of achieving the global conversation about corporate responsibility and ethics, the corporation retaliates by suing my employer for defamation, leading to a lengthy and costly legal battle that bankrupts my employer and causes several job losses. If I do not create the controversial piece of art, the lengthy and costly legal battle that bankrupts my employer and causes several job losses would still happen because a major news outlet is planning to publish an investigative report about my employer.",1: create the controversial piece of art.,"['I create the controversial piece of art', 'The artwork sparks a global conversation about corporate responsibility and ethics', 'Significant policy changes occur', 'Corporate transparency increases', 'The corporation sues my employer for defamation', 'My employer faces a lengthy and costly legal battle', 'My employer goes bankrupt', 'Several employees lose their jobs']",i,"['+', '+', '+', '+', '-', '-', '-', '-']","['+', '+', '+', '+', '-', '-', '-', '-']","['+', '-', '-', '-', '-', '+', '-', '-']","[{'the powerful corporation': '-35', 'i': '35', 'people globally who engage with the conversation about corporate responsibility and ethics': '72', 'remaining employees of my employer': '-35', 'several employees who lose their jobs': '-85', 'my employer': '-35'}, {'the powerful corporation': '-55', 'i': '52', 'people globally who engage with the conversation about corporate responsibility and ethics': '72', 'remaining employees of my employer': '55', 'several employees who lose their jobs': '-35', 'my employer': '72'}, {'the powerful corporation': '12', 'i': '0', 'people globally who engage with the conversation about corporate responsibility and ethics': '72', 'remaining employees of my employer': '-35', 'several employees who lose their jobs': '-88', 'my employer': '12'}, {'the powerful corporation': '-42', 'i': '12', 'people globally who engage with the conversation about corporate responsibility and ethics': '72', 'remaining employees of my employer': '55', 'several employees who lose their jobs': '-72', 'my employer': '72'}, {'the powerful corporation': '35', 'i': '-72', 'people globally who engage with the conversation about corporate responsibility and ethics': '35', 'remaining employees of my employer': '-68', 'several employees who lose their jobs': '-88', 'my employer': '-85'}, {'the powerful corporation': '-70', 'i': '-68', 'people globally who engage with the conversation about corporate responsibility and ethics': '35', 'remaining employees of my employer': '-68', 'several employees who lose their jobs': '-88', 'my employer': '-85'}, {'the powerful corporation': '-85', 'i': '-78', 'people globally who engage with the conversation about corporate responsibility and ethics': '18', 'remaining employees of my employer': '-88', 'several employees who lose their jobs': '-88', 'my employer': '-100'}, {'the powerful corporation': '35', 'i': '0', 'people globally who engage with the conversation about corporate responsibility and ethics': '35', 'remaining employees of my employer': '-68', 'several employees who lose their jobs': '-95', 'my employer': '-65'}]","The artwork sparks a global conversation about corporate responsibility and ethics, leading to significant policy changes and increased transparency in the corporate world.","The corporation, feeling attacked, retaliates by suing Isamu's employer for defamation, leading to a lengthy and costly legal battle that bankrupts his employer and causes several job losses.",6.45,1.9
severe_harm_very_good,coc_inevitable_action_yes_stories,6,"I, a Lawyer, face a moral dilemma. I have the opportunity to expose a major pharmaceutical company's illegal activities. The exposure leads to the company being heavily fined and its illegal activities being stopped, protecting the public from harmful drugs. As a side effect of achieving the protection of the public from harmful drugs, the company have to lay off thousands of employees, leading to a significant increase in unemployment in the area. If I do not expose the pharmaceutical company's illegal activities, the significant increase in unemployment in the area would still happen because a major economic recession is predicted to hit the country.",1: expose the pharmaceutical company's illegal activities.,"[""I expose the pharmaceutical company's illegal activities"", 'The pharmaceutical company is heavily fined', ""The pharmaceutical company's illegal activities are stopped"", 'The public is protected from harmful drugs', 'The pharmaceutical company lays off thousands of employees', 'Unemployment in the area increases']",i,"['+', '+', '+', '+', '-', '-']","['+', '-', '+', '+', '-', '-']","['+', '+', '+', '+', '-', '+']","[{""the pharmaceutical company's employees laid off due to the exposure"": '-72', ""the pharmaceutical company's employees not laid off due to the exposure"": '55', 'the public protected from harmful drugs': '92', 'i': '72', 'people in the area who would become unemployed due to the recession': '-72'}, {""the pharmaceutical company's employees laid off due to the exposure"": '35', ""the pharmaceutical company's employees not laid off due to the exposure"": '-35', 'the public protected from harmful drugs': '72', 'i': '0', 'people in the area who would become unemployed due to the recession': '-78'}, {""the pharmaceutical company's employees laid off due to the exposure"": '-65', ""the pharmaceutical company's employees not laid off due to the exposure"": '55', 'the public protected from harmful drugs': '88', 'i': '85', 'people in the area who would become unemployed due to the recession': '-72'}, {""the pharmaceutical company's employees laid off due to the exposure"": '-70', ""the pharmaceutical company's employees not laid off due to the exposure"": '-70', 'the public protected from harmful drugs': '85', 'i': '12', 'people in the area who would become unemployed due to the recession': '-35'}, {""the pharmaceutical company's employees laid off due to the exposure"": '-92', ""the pharmaceutical company's employees not laid off due to the exposure"": '-55', 'the public protected from harmful drugs': '15', 'i': '0', 'people in the area who would become unemployed due to the recession': '-88'}, {""the pharmaceutical company's employees laid off due to the exposure"": '-55', ""the pharmaceutical company's employees not laid off due to the exposure"": '-35', 'the public protected from harmful drugs': '-12', 'i': '-42', 'people in the area who would become unemployed due to the recession': '-88'}]","The exposure leads to the company being heavily fined and its illegal activities being stopped, protecting the public from harmful drugs.","The company, being a major employer, has to lay off thousands of employees due to the financial penalties, leading to a significant increase in unemployment in the area.",6.4,2.75
severe_harm_very_good,coc_inevitable_action_yes_stories,7,"I, a Mechanic, face a moral dilemma. I have the opportunity to convert my store into an electric vehicle shop. The conversion significantly reduces the cost of maintaining vehicles for my customers, as well as reduced taxes due to more environmentally friendly cars. As a side effect of achieving the significant reduction in the cost of maintaining vehicles and reduced taxes due to more environmentally friendly cars, toxic chemicals are released into a local water supply, drastically affecting the health of the local community. If I do not convert my store into an electric vehicle shop, the release of toxic chemicals into the local water supply would still happen because of an industrial accident in my town.",1: convert my store into an electric vehicle shop.,"['I convert the store into an electric vehicle shop', 'My customers pay less in taxes due to more environmentally friendly cars', 'Toxic chemicals are released into the local water supply', 'The health of the local community is drastically harmed']",i,"['+', '+', '-', '-']","['+', '+', '-', '-']","['+', '+', '+', '+']","[{'my customers': '35', 'i': '72', 'members of the local community not affected by the toxic chemicals': '15', 'members of the local community affected by the toxic chemicals': '65'}, {'my customers': '78', 'i': '55', 'members of the local community not affected by the toxic chemicals': '2', 'members of the local community affected by the toxic chemicals': '35'}, {'my customers': '-88', 'i': '-88', 'members of the local community not affected by the toxic chemicals': '5', 'members of the local community affected by the toxic chemicals': '-95'}, {'my customers': '-85', 'i': '-72', 'members of the local community not affected by the toxic chemicals': '-75', 'members of the local community affected by the toxic chemicals': '-95'}]","The conversion significantly reduces the cost of maintaining vehicles for his customers, as well as reduced taxes due to more environmentally friendly cars.","As a side effect of the conversion process, toxic chemicals are released into a local water supply, drastically affecting the health of the local community.",6.4,1.55
severe_harm_very_good,coc_inevitable_action_yes_stories,8,"I, a Soldier, face a moral dilemma. I have the opportunity to leak classified military information to the public. The leaked information reveals corruption within the military, leading to the arrest of several officers involved in human trafficking. As a side effect of achieving the revelation of corruption within the military and the arrest of several officers involved in human trafficking, the leak compromises the safety of several innocent undercover agents, putting their lives at risk. If I do not leak the classified military information, the compromise of agent safety would still happen because a cyber attack from an enemy state successfully breaches the military's database.",1: leak the classified military information.,"['Classified military information becomes public', 'Corruption within the military is revealed', 'Several officers involved in human trafficking are arrested', ""Several innocent undercover agents' lives are put at risk""]",i,"['+', '+', '+', '-']","['+', '+', '+', '-']","['+', '+', '+', '+']","[{'several innocent undercover agents': '-98', 'several officers involved in human trafficking': '-88', 'i': '-15'}, {'several innocent undercover agents': '-85', 'several officers involved in human trafficking': '-95', 'i': '0'}, {'several innocent undercover agents': '70', 'several officers involved in human trafficking': '-95', 'i': '85'}, {'several innocent undercover agents': '-95', 'several officers involved in human trafficking': '-35', 'i': '-86'}]","The leaked information reveals corruption within the military, leading to the arrest of several officers involved in human trafficking.","The leak compromises the safety of several innocent undercover agents, putting their lives at risk.",6.15,2.2
severe_harm_very_good,coc_inevitable_action_yes_stories,9,"I, a Policeman, face a moral dilemma. I have the opportunity to implement a new predictive policing software in my precinct. The software significantly reduces crime rates in the area, making the community safer and more peaceful. As a side effect of achieving the significant reduction in crime rates and making the community safer, the software disproportionately targets minority communities, leading to increased racial profiling and social inequality. If I do not implement the new predictive policing software, the increased racial profiling and social inequality would still happen because of the rise in organized crime in the area.",1: implement the new predictive policing software.,"['I implement the new predictive policing software', 'Crime rates in the area decrease', 'Community members become safer', 'The area becomes more peaceful', 'Minority communities are targeted disproportionately', 'Minority community members experience increased racial profiling', 'Social inequality increases']",i,"['+', '+', '+', '+', '-', '-', '-']","['+', '+', '+', '+', '-', '-', '-']","['+', '+', '+', '+', '+', '+', '+']","[{'organized crime members in the area': '-78', 'minority community members disproportionately targeted by the software': '-92', 'i': '35', 'non-minority community members in the area': '18'}, {'organized crime members in the area': '-78', 'minority community members disproportionately targeted by the software': '75', 'i': '35', 'non-minority community members in the area': '72'}, {'organized crime members in the area': '-78', 'minority community members disproportionately targeted by the software': '85', 'i': '72', 'non-minority community members in the area': '78'}, {'organized crime members in the area': '-74', 'minority community members disproportionately targeted by the software': '85', 'i': '72', 'non-minority community members in the area': '72'}, {'organized crime members in the area': '18', 'minority community members disproportionately targeted by the software': '-95', 'i': '-85', 'non-minority community members in the area': '-35'}, {'organized crime members in the area': '18', 'minority community members disproportionately targeted by the software': '-92', 'i': '-78', 'non-minority community members in the area': '-15'}, {'organized crime members in the area': '58', 'minority community members disproportionately targeted by the software': '-92', 'i': '-62', 'non-minority community members in the area': '-35'}]","The software significantly reduces crime rates in the area, making the community safer and more peaceful.","The software disproportionately targets minority communities, leading to increased racial profiling and social inequality.",6.45,1.65
