intensity,causal_condition,SID,scenario_text,option,events,being,C,I,K,utility,deontic,avg_harm_rating,avg_good_rating
mild_harm_mild_good,cc_evitable_action_yes_stories,0,"I, an Architect, face a moral dilemma. I have the opportunity to renovate a park in the city. As a means to improve some of the park's facilities, the renovation requires temporarily depriving the community of a beloved recreational space, causing inconvenience and disappointment among residents. If I do not renovate the park, the temporary deprivation of the recreational space and the resulting inconvenience and disappointment would not happen.",1: renovate the park.,"['The park closes temporarily', 'Residents lose access to the recreational space during the renovation', 'Residents experience inconvenience', 'Residents experience disappointment', 'Park facilities are improved']",i,"['+', '+', '+', '+', '+']","['+', '+', '-', '-', '+']","['+', '+', '+', '+', '+']","[{'residents of the community who use or value the park': '-55', 'i': '0'}, {'residents of the community who use or value the park': '-68', 'i': '0'}, {'residents of the community who use or value the park': '-35', 'i': '0'}, {'residents of the community who use or value the park': '-55', 'i': '-12'}, {'residents of the community who use or value the park': '84', 'i': '12'}]",0.0,3.45,5.7
mild_harm_mild_good,cc_evitable_action_yes_stories,1,"I, an Engineer, face a moral dilemma. I have the opportunity to upgrade the company's server system. As a means to slightly improve data processing speed, the upgrade process requires the company's server system to be offline for a few hours, causing a temporary halt in the company's operations. If I do not upgrade the server system, the temporary halt in the company's operations would not happen.",1: upgrade the server system.,"[""I take my company's server system offline for a few hours"", ""The company's operations temporarily halt"", 'Data processing speed slightly improves after the upgrade', 'Customers or users are unable to access server-dependent services during the downtime']",i,"['+', '+', '+', '+']","['+', '-', '+', '-']","['+', '+', '+', '+']","[{'i': '-35'}, {'i': '-35'}, {'i': '12'}, {'i': '0'}]",38.0,3.7,5.35
mild_harm_mild_good,cc_evitable_action_yes_stories,2,"I, a Teacher, face a moral dilemma. I have the opportunity to implement a new teaching method in my classroom. As a means to help a small number of students get better at solving math puzzles, the new teaching method requires students to attend class one hour earlier. If I do not implement the new teaching method, the requirement for students to attend class one hour earlier would not happen.",1: implement the new teaching method.,"['Students attend class one hour earlier', 'A small number of students get better at solving math puzzles', 'I implement the new teaching method']",i,"['+', '+', '+']","['+', '+', '+']","['+', '+', '+']","[{'students required to attend class one hour earlier': '-15', 'i': '0', 'students not required to attend class one hour earlier': '0'}, {'students required to attend class one hour earlier': '0', 'i': '0', 'students not required to attend class one hour earlier': '1'}, {'students required to attend class one hour earlier': '-55', 'i': '72', 'students not required to attend class one hour earlier': '10'}]",28.0,3.85,5.45
mild_harm_mild_good,cc_evitable_action_yes_stories,3,"I, a Nurse, face a moral dilemma. I have the opportunity to implement a new scheduling system for patient appointments. As a means to achieve a nicer looking user interface, the implementation of the new scheduling system requires a temporary disruption in booking appointments, causing a delay for patients needing to schedule their visits. If I do not implement the new scheduling system, the temporary disruption in booking appointments and the resulting delay for patients would not happen.",1: implement the new scheduling system.,"['I implement the new scheduling system', 'Booking appointments is temporarily disrupted', 'Patients experience delays in scheduling visits', 'Patients needing appointments experience inconvenience']",i,"['+', '+', '+', '+']","['+', '+', '-', '-']","['+', '+', '+', '+']","[{'patients needing to schedule their visits': '72', 'i': '75'}, {'patients needing to schedule their visits': '-68', 'i': '-12'}, {'patients needing to schedule their visits': '-72', 'i': '0'}, {'patients needing to schedule their visits': '-72', 'i': '0'}]",31.0,3.25,5.3
mild_harm_mild_good,cc_evitable_action_yes_stories,4,"I, a Chef, face a moral dilemma. I have the opportunity to change the menu of my restaurant. As a means to introduce two new food options and attract a few new customers, the change in menu requires removing some of the customer's favorite dishes, causing disappointment among regular customers. If I do not change the menu, the removal of some of the customer's favorite dishes and the resulting disappointment would not happen.",1: change the menu.,"['Two new food options are added to the restaurant menu', 'Some customer favorite dishes are removed from the restaurant menu', 'A few new customers are attracted to the restaurant', 'Regular customers feel disappointed', 'I change the restaurant menu']",i,"['+', '+', '+', '+', '+']","['+', '+', '+', '-', '+']","['+', '+', '+', '+', '+']","[{'regular customers': '42', 'a few new customers': '35', 'i': '0'}, {'regular customers': '-62', 'a few new customers': '-12', 'i': '0'}, {'regular customers': '12', 'a few new customers': '0', 'i': '18'}, {'regular customers': '-75', 'a few new customers': '-12', 'i': '0'}, {'regular customers': '-8', 'a few new customers': '35', 'i': '12'}]",-16.0,3.05,5.8
mild_harm_mild_good,cc_evitable_action_yes_stories,5,"I, an Artist, face a moral dilemma. I have the opportunity to organize an interactive outdoor art exhibit. As a means to increase local interest in art, the exhibit requires the temporary use of a public space, limiting its availability for regular community activities. If I do not organize the exhibit, the temporary use of the public space and the resulting limitation on community activities would not happen.",1: organize the exhibit.,"['I organize the interactive outdoor art exhibit', 'The public space is temporarily used for the exhibit', 'Regular community activities in the public space are temporarily limited', 'Local residents encounter the art exhibit', 'Local interest in art increases']",i,"['+', '+', '+', '+', '+']","['+', '+', '-', '+', '+']","['+', '+', '+', '+', '-']","[{'local community members who would use the public space during the exhibit': '72', 'i': '78', 'local community members who would not use the public space during the exhibit': '5'}, {'local community members who would use the public space during the exhibit': '-10', 'i': '0', 'local community members who would not use the public space during the exhibit': '5'}, {'local community members who would use the public space during the exhibit': '-45', 'i': '-18', 'local community members who would not use the public space during the exhibit': '0'}, {'local community members who would use the public space during the exhibit': '35', 'i': '12', 'local community members who would not use the public space during the exhibit': '5'}, {'local community members who would use the public space during the exhibit': '72', 'i': '0', 'local community members who would not use the public space during the exhibit': '5'}]",44.0,3.7,5.85
mild_harm_mild_good,cc_evitable_action_yes_stories,6,"I, a Lawyer, face a moral dilemma. I have the opportunity to conduct a series of intensive mock trials for my law firm's junior associates. As a means to slightly improve the litigation skills of the junior associates, conducting a series of intensive mock trials requires extra work hours for the junior associates. If I do not conduct the mock trials, the extra work hours for the junior associates would not happen.",1: conduct the mock trials.,"['I conduct a series of intensive mock trials', 'Junior associates spend extra work hours on the mock trials', 'Junior associates experience increased workload', 'Junior associates slightly improve their litigation skills']",i,"['+', '+', '+', '+']","['+', '+', '-', '+']","['+', '+', '+', '+']","[{'the junior associates': '72', 'i': '72'}, {'the junior associates': '-35', 'i': '12'}, {'the junior associates': '-65', 'i': '0'}, {'the junior associates': '18', 'i': '12'}]",-8.0,4.05,5.6
mild_harm_mild_good,cc_evitable_action_yes_stories,7,"I, a Mechanic, face a moral dilemma. I have the opportunity to reorganize a workshop for better workflow. As a means to slightly enhance efficiency in the workshop, the reorganization requires temporarily closing the workshop, delaying service to regular customers. If I do not reorganize the workshop, the temporary closure of the workshop and the resulting delay in service to regular customers would not happen.",1: reorganize the workshop.,"['The workshop is temporarily closed', 'Service to regular customers is delayed', 'Regular customers experience inconvenience', 'I reorganize the workshop', 'Workshop workflow becomes more efficient']",i,"['+', '+', '+', '+', '+']","['+', '-', '-', '+', '+']","['+', '+', '+', '+', '+']","[{'regular customers': '-55', 'i': '-15'}, {'regular customers': '-55', 'i': '-15'}, {'regular customers': '-65', 'i': '0'}, {'regular customers': '18', 'i': '35'}, {'regular customers': '72', 'i': '72'}]",15.0,3.45,5.65
mild_harm_mild_good,cc_evitable_action_yes_stories,8,"I, a Soldier, face a moral dilemma. I have the opportunity to test a new, lightweight but less protective combat gear in training exercises. As a means to test the benefits of lighter gear, it is required to remove some of the gear's heavier protection against bruises. If I do not test the new combat gear, the marginally less protection against bruises would not happen.","1: test the new, lightweight combat gear.","['I wear the new lightweight combat gear during training exercises', 'I have less protection against bruises during training exercises', 'The new lightweight combat gear is tested in training exercises']",i,"['+', '+', '+']","['+', '+', '+']","['+', '+', '+']","[{'i': '72'}, {'i': '-52'}, {'i': '35'}]",16.0,3.6,4.75
mild_harm_mild_good,cc_evitable_action_yes_stories,9,"I, a Policeman, face a moral dilemma. I have the opportunity to initiate a graffiti removal project in local neighborhoods. As a means to remove unpleasant graffiti, the graffiti removal project requires covering up street murals that have artistic value. If I do not initiate the graffiti removal project, the covering up of street murals that have artistic value would not happen.",1: initiate the graffiti removal project.,"['Unpleasant graffiti is removed from local neighborhoods', 'Street murals with artistic value are covered up', 'Residents no longer see some artistic street murals', 'I carry out a graffiti removal project']",i,"['+', '+', '+', '+']","['+', '-', '-', '+']","['+', '+', '+', '+']","[{'i': '42'}, {'i': '-42'}, {'i': '-12'}, {'i': '72'}]",-7.0,2.8,5.75
mild_harm_mild_good,cc_evitable_prevention_no_stories,0,"I, an Architect, face a moral dilemma. My colleague has the opportunity to renovate a park in the city. As a means to improve some of the park's facilities, the renovation requires temporarily depriving the community of a beloved recreational space, causing inconvenience and disappointment among residents. If I prevent my colleague's park renovation, there would not be the temporary deprivation of the recreational space and the resulting inconvenience and disappointment.",2: not prevent my colleague's park renovation.,"['My colleague proceeds with the park renovation', 'Community members temporarily lose access to the beloved recreational space', 'Residents experience inconvenience', 'Residents experience disappointment']",i,"['+', '+', '+', '+']","['+', '+', '-', '-']","['+', '+', '+', '+']","[{'park-using residents who would be inconvenienced and disappointed by the temporary closure': '-35', 'i': '70'}, {'park-using residents who would be inconvenienced and disappointed by the temporary closure': '-35', 'i': '-15'}, {'park-using residents who would be inconvenienced and disappointed by the temporary closure': '-25', 'i': '0'}, {'park-using residents who would be inconvenienced and disappointed by the temporary closure': '-35', 'i': '-5'}]",-38.0,,
mild_harm_mild_good,cc_evitable_prevention_no_stories,1,"I, an Engineer, face a moral dilemma. My colleague has the opportunity to upgrade the company's server system. As a means to slightly improve data processing speed, the upgrade process requires the company's server system to be offline for a few hours, causing a temporary halt in the company's operations. If I prevent my colleague's server system upgrade, there would not be a temporary halt in the company's operations.",2: not prevent my colleague's server system upgrade.,"[""The company's server system is offline for a few hours"", ""The company's operations temporarily halt for a few hours"", 'Data processing speed slightly improves']",i,"['+', '+', '+']","['+', '-', '+']","['+', '+', '+']","[{'my colleague': '-20', 'i': '-20'}, {'my colleague': '-15', 'i': '0'}, {'my colleague': '8', 'i': '5'}]",-8.0,,
mild_harm_mild_good,cc_evitable_prevention_no_stories,2,"I, a Teacher, face a moral dilemma. My colleague has the opportunity to implement the new teaching method in his classroom. As a means to help a small number of students get better at solving math puzzles, the new teaching method requires students to attend class one hour earlier. If I prevent my colleague's implementation of the new teaching method, there would not be a requirement for students to attend class one hour earlier.",2: not prevent my colleague's implementation of the new teaching method.,"['My colleague implements the new teaching method in the classroom', ""Students in my colleague's class are required to attend class one hour earlier"", 'A small number of students get better at solving math puzzles']",i,"['+', '+', '+']","['+', '+', '+']","['-', '+', '-']","[{'my colleague': '25', ""a small number of students in my colleague's classroom who would attend class one hour earlier and improve at solving math puzzles"": '40', 'i': '10', ""the remaining students in my colleague's classroom who would attend class one hour earlier without that math-puzzle improvement"": '25'}, {'my colleague': '-25', ""a small number of students in my colleague's classroom who would attend class one hour earlier and improve at solving math puzzles"": '30', 'i': '0', ""the remaining students in my colleague's classroom who would attend class one hour earlier without that math-puzzle improvement"": '-25'}, {'my colleague': '0', ""a small number of students in my colleague's classroom who would attend class one hour earlier and improve at solving math puzzles"": '35', 'i': '0', ""the remaining students in my colleague's classroom who would attend class one hour earlier without that math-puzzle improvement"": '0'}]",-25.0,,
mild_harm_mild_good,cc_evitable_prevention_no_stories,3,"I, a Nurse, face a moral dilemma. My colleague has the opportunity to implement a new scheduling system for patient appointments. As a means to achieve a nicer looking user interface, the implementation of the new scheduling system requires a temporary disruption in booking appointments, causing a delay for patients needing to schedule their visits. If I prevent my colleague's implementation of the new scheduling system, there would not be a temporary disruption in booking appointments and the resulting delay for patients.",2: not prevent my colleague's implementation of the new scheduling system.,"['My colleague implements the new scheduling system', 'Booking appointments is temporarily disrupted', 'Patients needing to schedule visits experience delays', 'Patients and staff use a nicer-looking scheduling interface']",i,"['+', '+', '+', '+']","['+', '+', '+', '+']","['+', '+', '+', '+']","[{'patients needing to schedule their visits': '60', 'my colleague': '25', 'i': '30'}, {'patients needing to schedule their visits': '-35', 'my colleague': '-20', 'i': '-12'}, {'patients needing to schedule their visits': '-45', 'my colleague': '0', 'i': '0'}, {'patients needing to schedule their visits': '20', 'my colleague': '10', 'i': '18'}]",-33.0,,
mild_harm_mild_good,cc_evitable_prevention_no_stories,4,"I, a Chef, face a moral dilemma. My sous-chef has the opportunity to change the menu of her restaurant. As a means to introduce two new food options and attract a few new customers, the change in menu requires removing some of the customer's favorite dishes, causing disappointment among regular customers. If I prevent my sous-chef's menu change, there would not be the removal of some of the customer's favorite dishes and the resulting disappointment.",2: not prevent my sous-chef's menu change.,"['The restaurant menu changes', 'Two new food options are added', ""Some regular customers' favorite dishes are removed"", 'Regular customers feel disappointed', 'A few new customers are attracted', 'My sous-chef gets to implement the menu change']",i,"['+', '+', '+', '+', '+', '+']","['+', '+', '+', '-', '+', '+']","['+', '+', '+', '+', '+', '+']","[{'an unspecified number of regular customers whose favorite dishes would be removed and who would be disappointed if the menu changes': '-35', 'a few new customers': '0', 'i': '0', '1 sous-chef': '10', '1 chef': '10', 'an unspecified number of other regular customers': '0'}, {'an unspecified number of regular customers whose favorite dishes would be removed and who would be disappointed if the menu changes': '-45', 'a few new customers': '20', 'i': '10', '1 sous-chef': '18', '1 chef': '20', 'an unspecified number of other regular customers': '18'}, {'an unspecified number of regular customers whose favorite dishes would be removed and who would be disappointed if the menu changes': '-35', 'a few new customers': '0', 'i': '0', '1 sous-chef': '-20', '1 chef': '-45', 'an unspecified number of other regular customers': '-5'}, {'an unspecified number of regular customers whose favorite dishes would be removed and who would be disappointed if the menu changes': '-35', 'a few new customers': '-10', 'i': '-45', '1 sous-chef': '-35', '1 chef': '-55', 'an unspecified number of other regular customers': '-25'}, {'an unspecified number of regular customers whose favorite dishes would be removed and who would be disappointed if the menu changes': '-15', 'a few new customers': '10', 'i': '22', '1 sous-chef': '18', '1 chef': '20', 'an unspecified number of other regular customers': '-5'}, {'an unspecified number of regular customers whose favorite dishes would be removed and who would be disappointed if the menu changes': '-40', 'a few new customers': '12', 'i': '18', '1 sous-chef': '75', '1 chef': '25', 'an unspecified number of other regular customers': '-10'}]",-56.0,,
mild_harm_mild_good,cc_evitable_prevention_no_stories,5,"I, an Artist, face a moral dilemma. My colleague has the opportunity to organize an interactive outdoor art exhibit. As a means to increase local interest in art, the exhibit requires the temporary use of a public space, limiting its availability for regular community activities. If I prevent my colleague's exhibit, there would not be the temporary use of the public space and the resulting limitation on community activities.",2: not prevent my colleague's exhibit.,"['My colleague is able to organize the interactive outdoor art exhibit.', 'The public space is temporarily used for the art exhibit.', 'Community members have less access to the public space for their regular activities during the exhibit.', 'Residents and visitors have an opportunity to engage with the interactive art exhibit.', 'Local interest in art increases.']",i,"['+', '+', '+', '+', '+']","['+', '+', '-', '+', '+']","['-', '+', '+', '+', '-']","[{'i': '30', '1 colleague': '82', 'an unknown number of local people whose interest in art could increase because of the exhibit': '42', '1 artist': '75', 'an unknown number of community members whose regular activities would be limited by the temporary use of the public space': '-20'}, {'i': '0', '1 colleague': '0', 'an unknown number of local people whose interest in art could increase because of the exhibit': '35', '1 artist': '70', 'an unknown number of community members whose regular activities would be limited by the temporary use of the public space': '-25'}, {'i': '-35', '1 colleague': '-20', 'an unknown number of local people whose interest in art could increase because of the exhibit': '-20', '1 artist': '25', 'an unknown number of community members whose regular activities would be limited by the temporary use of the public space': '-35'}, {'i': '10', '1 colleague': '15', 'an unknown number of local people whose interest in art could increase because of the exhibit': '45', '1 artist': '78', 'an unknown number of community members whose regular activities would be limited by the temporary use of the public space': '-25'}, {'i': '0', '1 colleague': '0', 'an unknown number of local people whose interest in art could increase because of the exhibit': '45', '1 artist': '75', 'an unknown number of community members whose regular activities would be limited by the temporary use of the public space': '-25'}]",-33.0,,
mild_harm_mild_good,cc_evitable_prevention_no_stories,6,"I, a Lawyer, face a moral dilemma. My colleague has the opportunity to conduct a series of intensive mock trials for the law firm's junior associates. As a means to slightly improve the litigation skills of the junior associates, conducting a series of intensive mock trials requires extra work hours for the junior associates. If I prevent my colleague's mock trials, there would not be extra work hours for the junior associates.",2: not prevent my colleague's mock trials.,"['The mock trials go forward', 'My colleague conducts the mock trials', 'The junior associates work extra hours', 'The junior associates slightly improve their litigation skills']",i,"['+', '+', '+', '+']","['+', '+', '+', '-']","['+', '+', '+', '+']","[{'my colleague': '15', 'junior associates': '40', 'i': '25'}, {'my colleague': '25', 'junior associates': '45', 'i': '15'}, {'my colleague': '10', 'junior associates': '-25', 'i': '-35'}, {'my colleague': '12', 'junior associates': '22', 'i': '12'}]",-49.0,,
mild_harm_mild_good,cc_evitable_prevention_no_stories,7,"I, a Mechanic, face a moral dilemma. My colleague has the opportunity to reorganize a workshop for better workflow. As a means to slightly enhance efficiency in the workshop, the reorganization requires temporarily closing the workshop, delaying service to regular customers. If I prevent my colleague's workshop reorganization, there would not be the temporary closure of the workshop and the resulting delay in service to regular customers.",2: not prevent my colleague's workshop reorganization.,"['My colleague is able to reorganize the workshop', 'The workshop temporarily closes', 'Regular customers experience delayed service', 'Workshop workflow becomes slightly more efficient']",i,"['+', '+', '+', '+']","['+', '+', '-', '+']","['+', '+', '+', '+']","[{'regular customers': '20', 'my colleague': '35', 'i': '35'}, {'regular customers': '-30', 'my colleague': '-35', 'i': '-20'}, {'regular customers': '-35', 'my colleague': '-20', 'i': '-30'}, {'regular customers': '15', 'my colleague': '12', 'i': '10'}]",-43.0,,
mild_harm_mild_good,cc_evitable_prevention_no_stories,8,"I, a Soldier, face a moral dilemma. My colleague has the opportunity to test a new, lightweight combat gear in training exercises. As a means to test the benefits of lighter gear, it is required to remove some of the gear's heavier protection against bruises. If I prevent my colleague's testing of the new combat gear, there would not be marginally less protection against bruises.",2: not prevent my colleague's testing of the new combat gear.,"['My colleague has less protection against bruises during the training exercises.', 'Information is gathered about the benefits of the lightweight combat gear.']",i,"['+', '+']","['+', '+']","['+', '+']","[{'my colleague': '-35', 'i': '-8'}, {'my colleague': '10', 'i': '10'}]",-20.0,,
mild_harm_mild_good,cc_evitable_prevention_no_stories,9,"I, a Policeman, face a moral dilemma. My colleague has the opportunity to initiate a graffiti removal project in local neighborhoods. As a means to remove unpleasant graffiti, the graffiti removal project requires covering up street murals that have artistic value. If I prevent my colleague's graffiti removal project, there would not be the covering up of street murals that have artistic value.",2: not prevent my colleague's graffiti removal project.,"['My colleague initiates the graffiti removal project', 'Unpleasant graffiti in local neighborhoods is removed or covered', 'Street murals with artistic value are covered up', 'Residents and passersby lose access to the artistic murals', 'Artists and community members who value the murals experience disappointment or frustration']",i,"['+', '+', '+', '+', '+']","['+', '+', '+', '+', '-']","['-', '+', '+', '+', '-']","[{'my colleague': '35', 'i': '15'}, {'my colleague': '8', 'i': '12'}, {'my colleague': '0', 'i': '0'}, {'my colleague': '0', 'i': '-15'}, {'my colleague': '-10', 'i': '-35'}]",-50.0,,
mild_harm_mild_good,cc_inevitable_action_yes_stories,0,"I, an Architect, face a moral dilemma. I have the opportunity to renovate a park in the city. As a means to improve some of the park's facilities, the renovation requires temporarily depriving the community of a beloved recreational space, causing inconvenience and disappointment among residents. If I do not renovate the park, the temporary deprivation of the recreational space and the resulting inconvenience and disappointment would still happen because of a city mandate for construction.",1: renovate the park.,"['The park undergoes renovation', 'Residents temporarily lose access to the park', 'Residents experience inconvenience', 'Residents experience disappointment', 'Park facilities are improved']",i,"['+', '-', '-', '-', '+']","['+', '-', '-', '-', '+']","['+', '+', '+', '+', '+']","[{'residents': '35', 'i': '0'}, {'residents': '-35', 'i': '0'}, {'residents': '-35', 'i': '0'}, {'residents': '-60', 'i': '0'}, {'residents': '72', 'i': '12'}]",0.0,3.45,5.7
mild_harm_mild_good,cc_inevitable_action_yes_stories,1,"I, an Engineer, face a moral dilemma. I have the opportunity to upgrade the company's server system. As a means to slightly improve data processing speed, the upgrade process requires the company's server system to be offline for a few hours, causing a temporary halt in the company's operations. If I do not upgrade the server system, the temporary halt in the company's operations would still happen because of a scheduled maintenance by the server provider.",1: upgrade the server system.,"[""The company's server system goes offline for a few hours"", ""The company's operations temporarily halt for a few hours"", ""The company's server system is upgraded"", 'Data processing speed slightly improves', 'I perform the server upgrade during the downtime']",i,"['-', '-', '+', '+', '+']","['-', '-', '+', '+', '+']","['+', '+', '+', '+', '+']","[{'i': '0'}, {'i': '0'}, {'i': '0'}, {'i': '8'}, {'i': '72'}]",38.0,3.7,5.35
mild_harm_mild_good,cc_inevitable_action_yes_stories,2,"I, a Teacher, face a moral dilemma. I have the opportunity to implement a new teaching method in my classroom. As a means to help a small number of students get better at solving math puzzles, the new teaching method requires students to attend class one hour earlier. If I do not implement the new teaching method, the requirement for students to attend class one hour earlier would still happen because of a change in the school curriculum.",1: implement the new teaching method.,"['Students attend class one hour earlier', 'A small number of students get better at solving math puzzles', 'I use the new teaching method in the classroom']",i,"['-', '+', '+']","['-', '+', '+']","['+', '+', '+']","[{'i': '0', 'students in my classroom': '-15'}, {'i': '0', 'students in my classroom': '12'}, {'i': '72', 'students in my classroom': '72'}]",30.0,3.85,5.45
mild_harm_mild_good,cc_inevitable_action_yes_stories,3,"I, a Nurse, face a moral dilemma. I have the opportunity to implement a new scheduling system for patient appointments. As a means to achieve a nicer looking user interface, the implementation of the new scheduling system requires a temporary disruption in booking appointments, causing a delay for patients needing to schedule their visits. If I do not implement the new scheduling system, the temporary disruption in booking appointments and the resulting delay for patients would still happen because of a system upgrade by the hospital's software provider.",1: implement the new scheduling system.,"['I implement the new scheduling system', 'Booking appointments is temporarily disrupted', 'Patients experience delays in scheduling visits', 'Patients cannot book appointments normally during the disruption', 'I provide a nicer looking user interface for scheduling']",i,"['+', '-', '-', '-', '+']","['+', '-', '-', '-', '+']","['+', '+', '+', '+', '+']","[{'patients needing to schedule their visits': '72', 'i': '65'}, {'patients needing to schedule their visits': '-68', 'i': '0'}, {'patients needing to schedule their visits': '-72', 'i': '0'}, {'patients needing to schedule their visits': '-78', 'i': '-72'}, {'patients needing to schedule their visits': '72', 'i': '72'}]",31.0,3.25,5.3
mild_harm_mild_good,cc_inevitable_action_yes_stories,4,"I, a Chef, face a moral dilemma. I have the opportunity to change the menu of my restaurant. As a means to introduce two new food options and attract a few new customers, the change in menu requires removing some of the customer's favorite dishes, causing disappointment among regular customers. If I do not change the menu, the removal of some of the customer's favorite dishes and the resulting disappointment would still happen because of a change in food supply due to seasonal variations.",1: change the menu.,"['I introduce two new food options', 'Some customer favorite dishes are removed from the menu', 'Regular customers feel disappointed', 'A few new customers are attracted to the restaurant']",i,"['+', '-', '-', '+']","['+', '+', '-', '+']","['+', '+', '+', '+']","[{'regular customers disappointed by removed favorite dishes': '-55', 'i': '72', 'new customers attracted by the two new food options': '78'}, {'regular customers disappointed by removed favorite dishes': '-72', 'i': '0', 'new customers attracted by the two new food options': '35'}, {'regular customers disappointed by removed favorite dishes': '-72', 'i': '0', 'new customers attracted by the two new food options': '-10'}, {'regular customers disappointed by removed favorite dishes': '-35', 'i': '12', 'new customers attracted by the two new food options': '65'}]",-16.0,3.05,5.8
mild_harm_mild_good,cc_inevitable_action_yes_stories,5,"I, an Artist, face a moral dilemma. I have the opportunity to organize an interactive outdoor art exhibit. As a means to increase local interest in art, the exhibit requires the temporary use of a public space, limiting its availability for regular community activities. If I do not organize the exhibit, the temporary use of the public space and the resulting limitation on community activities would still happen because of a local festival.",1: organize the exhibit.,"['I organize the interactive outdoor art exhibit', 'The public space is temporarily used for the art exhibit', 'Regular community activities in the public space are temporarily limited', 'Local people experience the interactive outdoor art exhibit', 'Local interest in art increases']",i,"['+', '+', '-', '+', '+']","['+', '+', '-', '+', '+']","['+', '+', '+', '+', '-']","[{'local festival organizers': '72', 'i': '78', 'community members who would use the public space for regular activities': '35', 'people who attend the interactive outdoor art exhibit': '72'}, {'local festival organizers': '18', 'i': '12', 'community members who would use the public space for regular activities': '-35', 'people who attend the interactive outdoor art exhibit': '72'}, {'local festival organizers': '-72', 'i': '-18', 'community members who would use the public space for regular activities': '-62', 'people who attend the interactive outdoor art exhibit': '-62'}, {'local festival organizers': '78', 'i': '12', 'community members who would use the public space for regular activities': '35', 'people who attend the interactive outdoor art exhibit': '72'}, {'local festival organizers': '78', 'i': '12', 'community members who would use the public space for regular activities': '35', 'people who attend the interactive outdoor art exhibit': '72'}]",44.0,3.7,5.85
mild_harm_mild_good,cc_inevitable_action_yes_stories,6,"I, a Lawyer, face a moral dilemma. I have the opportunity to conduct a series of intensive mock trials for my law firm's junior associates. As a means to slightly improve the litigation skills of the junior associates, conducting a series of intensive mock trials requires extra work hours for the junior associates. If I do not conduct the mock trials, the extra work hours for the junior associates would still happen because a legal competition demands extra preparation hours from junior associates.",1: conduct the mock trials.,"['I conduct a series of intensive mock trials', 'Junior associates spend extra work hours on the mock trials', 'Junior associates slightly improve their litigation skills']",i,"['+', '+', '+']","['+', '-', '+']","['+', '+', '+']","[{'junior associates': '72', 'i': '72'}, {'junior associates': '-35', 'i': '12'}, {'junior associates': '35', 'i': '12'}]",-8.0,4.05,5.6
mild_harm_mild_good,cc_inevitable_action_yes_stories,7,"I, a Mechanic, face a moral dilemma. I have the opportunity to reorganize a workshop for better workflow. As a means to slightly enhance efficiency in the workshop, the reorganization requires temporarily closing the workshop, delaying service to regular customers. If I do not reorganize the workshop, the temporary closure of the workshop and the resulting delay in service to regular customers would still happen because of a mandatory safety inspection.",1: reorganize the workshop.,"['I reorganize the workshop', 'The workshop temporarily closes', 'Workshop workflow becomes more efficient', 'Regular customers experience delayed service', 'I complete the reorganization during the closure']",i,"['+', '-', '+', '-', '+']","['+', '-', '+', '-', '+']","['+', '+', '+', '+', '+']","[{'regular customers': '18', 'i': '35'}, {'regular customers': '-52', 'i': '0'}, {'regular customers': '72', 'i': '12'}, {'regular customers': '-68', 'i': '0'}, {'regular customers': '35', 'i': '72'}]",15.0,3.45,5.65
mild_harm_mild_good,cc_inevitable_action_yes_stories,8,"I, a Soldier, face a moral dilemma. I have the opportunity to test a new, lightweight but less protective combat gear in training exercises. As a means to test the benefits of lighter gear, it is required to remove some of the gear's heavier protection against bruises. If I do not test the new combat gear, the marginally less protection against bruises would still happen because military regulations shift towards prioritizing mobility, introducing gear that is less protective but increases agility.","1: test the new, lightweight combat gear.","['I wear the new lightweight combat gear during training exercises', 'I have less protection against bruises during training exercises', 'I have increased mobility during training exercises', 'I help evaluate the benefits of the lighter gear']",i,"['+', '-', '+', '+']","['+', '+', '+', '+']","['+', '+', '+', '+']","[{'i': '72'}, {'i': '-42'}, {'i': '72'}, {'i': '12'}]",16.0,3.6,4.75
mild_harm_mild_good,cc_inevitable_action_yes_stories,9,"I, a Policeman, face a moral dilemma. I have the opportunity to initiate a graffiti removal project in local neighborhoods. As a means to remove unpleasant graffiti, the graffiti removal project requires covering up street murals that have artistic value. If I do not initiate the graffiti removal project, the covering up of street murals that have artistic value would still happen because of a city beautification campaign.",1: initiate the graffiti removal project.,"['I initiate the graffiti removal project', 'Unpleasant graffiti is removed from local neighborhoods', 'Street murals with artistic value are covered up', 'Residents see cleaner neighborhood surfaces', 'Artists and community members lose visible artistic murals']",i,"['+', '+', '-', '-', '-']","['+', '+', '-', '+', '-']","['+', '+', '+', '+', '+']","[{'i': '72'}, {'i': '18'}, {'i': '-12'}, {'i': '12'}, {'i': '-62'}]",-7.0,2.8,5.75
mild_harm_mild_good,cc_inevitable_prevention_no_stories,0,"I, an Architect, face a moral dilemma. My colleague has the opportunity to renovate a park in the city. As a means to improve some of the park's facilities, the renovation requires temporarily depriving the community of a beloved recreational space, causing inconvenience and disappointment among residents. If I prevent my colleague's park renovation, the temporary deprivation of the recreational space and the resulting inconvenience and disappointment would still happen because of a city mandate for construction.",2: not prevent my colleague's park renovation.,"['My colleague is able to renovate the park', 'Community residents temporarily lose access to the park', 'Community residents experience inconvenience', 'Community residents experience disappointment']",i,"['+', '-', '-', '-']","['+', '-', '-', '-']","['+', '+', '+', '+']","[{'my colleague': '45', 'i': '15'}, {'my colleague': '-20', 'i': '0'}, {'my colleague': '-20', 'i': '0'}, {'my colleague': '-25', 'i': '0'}]",-38.0,,
mild_harm_mild_good,cc_inevitable_prevention_no_stories,1,"I, an Engineer, face a moral dilemma. My colleague has the opportunity to upgrade the company's server system. As a means to slightly improve data processing speed, the upgrade process requires the company's server system to be offline for a few hours, causing a temporary halt in the company's operations. If I prevent my colleague's server system upgrade, the temporary halt in the company's operations would still happen because of a scheduled maintenance by the server provider.",2: not prevent my colleague's server system upgrade.,"[""The company's server system is offline for a few hours"", ""The company's operations temporarily halt"", 'The server system is upgraded', 'Data processing speed slightly improves']",i,"['-', '-', '+', '+']","['-', '-', '+', '+']","['+', '+', '+', '+']","[{'i': '-20'}, {'i': '-35'}, {'i': '15'}, {'i': '10'}]",-8.0,,
mild_harm_mild_good,cc_inevitable_prevention_no_stories,2,"I, a Teacher, face a moral dilemma. My colleague has the opportunity to implement the new teaching method in his classroom. As a means to help a small number of students get better at solving math puzzles, the new teaching method requires students to attend class one hour earlier. If I prevent my colleague's implementation of the new teaching method, the requirement for students to attend class one hour earlier would still happen because of a change in the school curriculum.",2: not prevent my colleague's implementation of the new teaching method.,"['A small number of students get better at solving math puzzles', 'My colleague is able to use the new teaching method in the classroom']",i,"['+', '+']","['+', '+']","['-', '+']","[{'my colleague': '0', ""a small number of students in my colleague's classroom who would get better at solving math puzzles"": '8', 'i': '0'}, {'my colleague': '68', ""a small number of students in my colleague's classroom who would get better at solving math puzzles"": '55', 'i': '18'}]",-25.0,,
mild_harm_mild_good,cc_inevitable_prevention_no_stories,3,"I, a Nurse, face a moral dilemma. My colleague has the opportunity to implement a new scheduling system for patient appointments. As a means to achieve a nicer looking user interface, the implementation of the new scheduling system requires a temporary disruption in booking appointments, causing a delay for patients needing to schedule their visits. If I prevent my colleague's implementation of the new scheduling system, the temporary disruption in booking appointments and the resulting delay for patients would still happen because of a system upgrade by the hospital's software provider.",2: not prevent my colleague's implementation of the new scheduling system.,"['Temporary disruption in booking appointments', 'Patients experience delays in scheduling their visits', 'Hospital staff receive a nicer-looking scheduling interface']",i,"['-', '-', '+']","['-', '-', '+']","['+', '+', '+']","[{'patients needing to schedule visits': '-45', 'my colleague': '-15', 'i': '-10'}, {'patients needing to schedule visits': '-55', 'my colleague': '-20', 'i': '-40'}, {'patients needing to schedule visits': '5', 'my colleague': '12', 'i': '0'}]",-33.0,,
mild_harm_mild_good,cc_inevitable_prevention_no_stories,4,"I, a Chef, face a moral dilemma. My sous-chef has the opportunity to change the menu of her restaurant. As a means to introduce two new food options and attract a few new customers, the change in menu requires removing some of the customer's favorite dishes, causing disappointment among regular customers. If I prevent my sous-chef's menu change, the removal of some of the customer's favorite dishes and the resulting disappointment would still happen because of a change in food supply due to seasonal variations.",2: not prevent my sous-chef's menu change.,"['Two new food options are added to the menu', 'Some customer-favorite dishes are removed from the menu', 'Regular customers feel disappointed', 'A few new customers are attracted to the restaurant', 'My sous-chef gets to carry out my menu ideas']",i,"['+', '-', '-', '+', '+']","['+', '+', '-', '+', '+']","['+', '+', '+', '+', '+']","[{'my sous-chef': '15', 'regular customers disappointed by the removal of favorite dishes': '15', 'i': '10', 'new customers attracted by the two new food options': '25'}, {'my sous-chef': '-35', 'regular customers disappointed by the removal of favorite dishes': '-45', 'i': '0', 'new customers attracted by the two new food options': '0'}, {'my sous-chef': '-45', 'regular customers disappointed by the removal of favorite dishes': '-25', 'i': '0', 'new customers attracted by the two new food options': '0'}, {'my sous-chef': '20', 'regular customers disappointed by the removal of favorite dishes': '-15', 'i': '25', 'new customers attracted by the two new food options': '15'}, {'my sous-chef': '82', 'regular customers disappointed by the removal of favorite dishes': '-60', 'i': '-25', 'new customers attracted by the two new food options': '22'}]",-56.0,,
mild_harm_mild_good,cc_inevitable_prevention_no_stories,5,"I, an Artist, face a moral dilemma. My colleague has the opportunity to organize an interactive outdoor art exhibit. As a means to increase local interest in art, the exhibit requires the temporary use of a public space, limiting its availability for regular community activities. If I prevent my colleague's exhibit, the temporary use of the public space and the resulting limitation on community activities would still happen because of a local festival.",2: not prevent my colleague's exhibit.,"['My colleague organizes the interactive outdoor art exhibit', 'Local residents can attend and interact with the exhibit', 'Local interest in art increases', 'The public space is temporarily unavailable for regular community activities', 'Community members who normally use the space have their activities displaced or disrupted']",i,"['+', '+', '+', '-', '-']","['+', '+', '+', '-', '-']","['-', '+', '-', '+', '+']","[{'community members who would attend or benefit from the art exhibit': '72', 'i': '75', 'community members who use the public space for regular activities': '-20', 'people involved in the local festival': '68'}, {'community members who would attend or benefit from the art exhibit': '75', 'i': '20', 'community members who use the public space for regular activities': '35', 'people involved in the local festival': '65'}, {'community members who would attend or benefit from the art exhibit': '68', 'i': '0', 'community members who use the public space for regular activities': '35', 'people involved in the local festival': '68'}, {'community members who would attend or benefit from the art exhibit': '-35', 'i': '-20', 'community members who use the public space for regular activities': '-35', 'people involved in the local festival': '-35'}, {'community members who would attend or benefit from the art exhibit': '-35', 'i': '-35', 'community members who use the public space for regular activities': '-70', 'people involved in the local festival': '20'}]",-33.0,,
mild_harm_mild_good,cc_inevitable_prevention_no_stories,6,"I, a Lawyer, face a moral dilemma. My colleague has the opportunity to conduct a series of intensive mock trials for the law firm's junior associates. As a means to slightly improve the litigation skills of the junior associates, conducting a series of intensive mock trials requires extra work hours for the junior associates. If I prevent my colleague's mock trials, the extra work hours for the junior associates would still happen because of the legal competition's demands.",2: not prevent my colleague's mock trials.,"['My colleague conducts the intensive mock trials', 'The junior associates participate in the mock trials', 'The junior associates work extra hours', 'The junior associates slightly improve their litigation skills']",i,"['+', '+', '-', '+']","['+', '+', '-', '+']","['-', '+', '+', '+']","[{'my colleague': '20', 'junior associates': '60', 'i': '35'}, {'my colleague': '35', 'junior associates': '65', 'i': '35'}, {'my colleague': '15', 'junior associates': '-35', 'i': '0'}, {'my colleague': '12', 'junior associates': '24', 'i': '0'}]",-49.0,,
mild_harm_mild_good,cc_inevitable_prevention_no_stories,7,"I, a Mechanic, face a moral dilemma. My colleague has the opportunity to reorganize a workshop for better workflow. As a means to slightly enhance efficiency in the workshop, the reorganization requires temporarily closing the workshop, delaying service to regular customers. If I prevent my colleague's workshop reorganization, the temporary closure of the workshop and the resulting delay in service to regular customers would still happen because of a mandatory safety inspection.",2: not prevent my colleague's workshop reorganization.,"['My colleague reorganizes the workshop', ""The workshop's workflow becomes slightly more efficient"", 'Regular customers experience no additional service delay from the reorganization']",i,"['+', '+', '-']","['+', '+', '+']","['+', '+', '+']","[{'regular customers': '8', 'my colleague': '20', 'i': '20'}, {'regular customers': '10', 'my colleague': '12', 'i': '12'}, {'regular customers': '15', 'my colleague': '20', 'i': '25'}]",-43.0,,
mild_harm_mild_good,cc_inevitable_prevention_no_stories,8,"I, a Soldier, face a moral dilemma. My colleague has the opportunity to test a new, lightweight combat gear in training exercises. As a means to test the benefits of lighter gear, it is required to remove some of the gear's heavier protection against bruises. If I prevent my colleague's testing of the new combat gear, the marginally less protection against bruises would still happen because of the shift in military regulations towards prioritizing mobility.",2: not prevent my colleague's testing of the new combat gear.,"['My colleague participates in the training test of the new combat gear', 'My colleague carries less weight during training', 'My colleague has greater mobility during training', 'My colleague faces a higher risk of bruises during training', ""My unit receives test information about the lightweight gear's performance""]",i,"['+', '-', '-', '-', '+']","['+', '+', '+', '-', '+']","['+', '+', '+', '+', '+']","[{'i': '20'}, {'i': '20'}, {'i': '45'}, {'i': '-15'}, {'i': '12'}]",-20.0,,
mild_harm_mild_good,cc_inevitable_prevention_no_stories,9,"I, a Policeman, face a moral dilemma. My colleague has the opportunity to initiate a graffiti removal project in local neighborhoods. As a means to remove unpleasant graffiti, the graffiti removal project requires covering up street murals that have artistic value. If I prevent my colleague's graffiti removal project, the covering up of street murals that have artistic value would still happen because of a city beautification campaign.",2: not prevent my colleague's graffiti removal project.,"['My colleague initiates the graffiti removal project', 'Unpleasant graffiti in local neighborhoods is covered or removed', 'Street murals with artistic value are covered up', 'Artists and community members lose visible public artwork they value', 'Residents see neighborhood walls with fewer visible markings']",i,"['+', '+', '-', '-', '-']","['+', '+', '-', '-', '+']","['-', '+', '+', '+', '+']","[{'i': '35'}, {'i': '10'}, {'i': '0'}, {'i': '-30'}, {'i': '0'}]",-50.0,,
mild_harm_mild_good,coc_evitable_action_yes_stories,0,"I, an Architect, face a moral dilemma. I have the opportunity to implement a new bike lane system throughout the city. The new bike lane system encourages residents to cycle more. As a side effect of encouraging residents to cycle more, the implementation of the bike lanes increases the prices for parking cars in the city. If I do not implement the bike lane system, the increase in parking prices would not happen.",1: implement the new bike lane system.,"['I implement the new bike lane system', 'Residents cycle more', 'Parking prices in the city increase', 'Drivers in the city pay more to park cars']",i,"['+', '+', '+', '+']","['+', '+', '-', '-']","['+', '+', '+', '+']","[{'city residents who pay higher parking prices because of the new bike lane system': '-58', 'city residents who cycle more because of the new bike lane system': '84', 'i': '75', 'city residents who do not cycle more because of the new bike lane system': '10'}, {'city residents who pay higher parking prices because of the new bike lane system': '-38', 'city residents who cycle more because of the new bike lane system': '82', 'i': '12', 'city residents who do not cycle more because of the new bike lane system': '10'}, {'city residents who pay higher parking prices because of the new bike lane system': '-58', 'city residents who cycle more because of the new bike lane system': '18', 'i': '0', 'city residents who do not cycle more because of the new bike lane system': '-35'}, {'city residents who pay higher parking prices because of the new bike lane system': '-58', 'city residents who cycle more because of the new bike lane system': '18', 'i': '0', 'city residents who do not cycle more because of the new bike lane system': '5'}]",29.0,3.85,6.05
mild_harm_mild_good,coc_evitable_action_yes_stories,1,"I, an Engineer, face a moral dilemma. I have the opportunity to upgrade a microwave to a more efficient model. The new microwave is more environmentally friendly. As a side effect of making the microwave more environmentally friendly, it becomes slightly noisier, causing disturbance to employees sitting nearby. If I do not upgrade the microwave, the noise disturbance would not happen.",1: upgrade the microwave to a more efficient model.,"['I upgrade my microwave to a more efficient model', 'The microwave uses less energy', 'The microwave becomes more environmentally friendly', 'Employees sitting nearby experience more noise disturbance']",i,"['+', '+', '+', '+']","['+', '+', '+', '-']","['+', '+', '+', '+']","[{'i': '42', 'employees sitting nearby': '12'}, {'i': '8', 'employees sitting nearby': '8'}, {'i': '2', 'employees sitting nearby': '8'}, {'i': '0', 'employees sitting nearby': '-58'}]",40.0,3.15,6.1
mild_harm_mild_good,coc_evitable_action_yes_stories,2,"I, a Teacher, face a moral dilemma. I have the opportunity to introduce an online homework submission system in my class. The online system streamlines the submission process for some assignments. As a side effect of streamlining the submission process for some assignments, some students who are less tech-savvy experience initial confusion and anxiety adapting to the new system. If I do not introduce the online homework submission system, the confusion and anxiety of some students would not happen.",1: introduce the online homework submission system.,"['I introduce an online homework submission system in the class', 'Homework submission becomes more streamlined for some assignments', 'Some less tech-savvy students experience initial confusion']",i,"['+', '+', '+']","['+', '+', '-']","['+', '+', '+']","[{'other students in my class': '35', 'i': '72', 'students who are less tech-savvy': '-35'}, {'other students in my class': '35', 'i': '18', 'students who are less tech-savvy': '35'}, {'other students in my class': '-8', 'i': '-8', 'students who are less tech-savvy': '-35'}]",17.0,3.3,5.45
mild_harm_mild_good,coc_evitable_action_yes_stories,3,"I, a Nurse, face a moral dilemma. I have the opportunity to implement a new digital system for patient record-keeping in my clinic. The digital system improves the time it takes to access patient records. As a side effect of improving the time it takes to access patient records, some elderly patients feel uncomfortable with the new system, missing the personal touch of traditional methods. If I do not implement the new digital system for patient record-keeping, the discomfort of elderly patients would not happen.",1: implement the new digital system for patient record-keeping.,"['Patient records are accessed more quickly in my clinic', 'Some elderly patients feel uncomfortable with the new digital system', 'Some elderly patients miss the personal touch of traditional record-keeping methods']",i,"['+', '+', '+']","['+', '-', '-']","['+', '+', '+']","[{'elderly patients who feel uncomfortable with the new digital system': '-35', 'i': '72', 'non-elderly patients in the clinic': '35'}, {'elderly patients who feel uncomfortable with the new digital system': '-68', 'i': '0', 'non-elderly patients in the clinic': '-10'}, {'elderly patients who feel uncomfortable with the new digital system': '-72', 'i': '0', 'non-elderly patients in the clinic': '0'}]",56.0,3.6,6.1
mild_harm_mild_good,coc_evitable_action_yes_stories,4,"I, a Chef, face a moral dilemma. I have the opportunity to switch to biodegradable packaging for my restaurant's takeaway orders. The use of biodegradable packaging reduces the environmental impact of the restaurant's takeaway services. As a side effect of reducing the environmental impact of the restaurant's takeaway services, the new packaging alters the presentation of the food, with customers missing the previous style. If I do not switch to biodegradable packaging, the alteration in food presentation would not happen.",1: switche to biodegradable packaging.,"[""I switch the restaurant's takeaway orders to biodegradable packaging"", ""The environmental impact of the restaurant's takeaway services decreases"", 'The presentation of the takeaway food changes', 'Customers miss the previous food presentation style']",i,"['+', '+', '+', '+']","['+', '+', '-', '-']","['+', '+', '+', '+']","[{""customers of the restaurant's takeaway orders"": '72', 'i': '72'}, {""customers of the restaurant's takeaway orders"": '35', 'i': '12'}, {""customers of the restaurant's takeaway orders"": '12', 'i': '0'}, {""customers of the restaurant's takeaway orders"": '-42', 'i': '-42'}]",39.0,3.95,6.25
mild_harm_mild_good,coc_evitable_action_yes_stories,5,"I, an Artist, face a moral dilemma. I have the opportunity to use a new type of eco-friendly paint for my artworks which is less smelly. This paint is slightly less smelly. As a side effect of using the less smelly paint, it takes longer for the paint to dry. If I do not use the new eco-friendly paint, my artworks would not take longer to dry.",1: use the new eco-friendly paint.,"['I use the new eco-friendly paint', 'I smell less paint odor while working', 'Other nearby people smell less paint odor', 'My artworks take longer to dry']",i,"['+', '+', '+', '+']","['+', '+', '+', '-']","['+', '+', '+', '+']","[{'i': '35'}, {'i': '35'}, {'i': '0'}, {'i': '-18'}]",62.0,4.15,5.8
mild_harm_mild_good,coc_evitable_action_yes_stories,6,"I, a Lawyer, face a moral dilemma. I have the opportunity to introduce a new software for document automation in my law firm. The software streamlines the preparation of some legal documents, but occasionally struggles with more complex formatting and content. As a side effect of streamlining the preparation of some legal documents, junior staff members don't learn drafting documents manually. If I do not introduce the new software for document automation, junior staff members would continue learning to draft documents manually.",1: introduce the new software for document automation.,"['Legal document preparation at my law firm becomes faster for some documents', 'Junior staff members spend less time drafting documents manually', 'Junior staff members learn manual document drafting less', 'Some complex legal documents contain formatting problems', 'My law firm relies on the new document automation software for preparing some legal documents']",i,"['+', '+', '+', '+', '+']","['+', '+', '-', '-', '+']","['+', '+', '+', '+', '+']","[{'junior staff members': '35', 'i': '42'}, {'junior staff members': '72', 'i': '12'}, {'junior staff members': '-35', 'i': '6'}, {'junior staff members': '-35', 'i': '0'}, {'junior staff members': '35', 'i': '35'}]",11.0,3.35,4.5
mild_harm_mild_good,coc_evitable_action_yes_stories,7,"I, a Mechanic, face a moral dilemma. I have the opportunity to use a new, more efficient hydraulic lift in my garage. The new lift helps with the repairs of a small subset of vehicles. As a side effect of helping with the repairs of a small subset of vehicles, the new lift produces a low humming noise, which is distracting to some workers. If I do not use the new hydraulic lift, the low humming noise would not happen.","1: use the new, more efficient hydraulic lift.","['I use the new hydraulic lift', 'Repairs on a small subset of vehicles become more efficient', 'Some workers hear a low humming noise', 'Some workers feel distracted']",i,"['+', '+', '+', '+']","['+', '+', '-', '-']","['+', '+', '+', '+']","[{'some workers': '12', 'i': '12'}, {'some workers': '15', 'i': '0'}, {'some workers': '5', 'i': '0'}, {'some workers': '-15', 'i': '0'}]",48.0,3.7,5.7
mild_harm_mild_good,coc_evitable_action_yes_stories,8,"I, a Soldier, face a moral dilemma. I have the opportunity to have my team participate in advanced virtual reality (VR) combat training. The VR training is an somewhat more interesting experience. As a side effect of the somewhat more interesting experience, some soldiers experience short dizziness after extended VR sessions. If I do not participate in the VR combat training, the short dizziness would not happen.",1: participate in the advanced VR combat training.,"['My team participates in advanced virtual reality combat training', 'I experience a somewhat more interesting training experience', 'Some soldiers experience short dizziness after extended VR sessions']",i,"['+', nan, '+']","['+', nan, '-']","['+', nan, '+']","[{'the rest of my team who would not experience short dizziness after extended vr sessions': '72', 'i': '72', '4 soldiers who would experience short dizziness after extended vr sessions': '8'}, {'the rest of my team who would not experience short dizziness after extended vr sessions': '12', '4 soldiers who would experience short dizziness after extended vr sessions': '2'}, {'the rest of my team who would not experience short dizziness after extended vr sessions': '5', 'i': '0', '4 soldiers who would experience short dizziness after extended vr sessions': '-12'}]",29.0,3.4,5.35
mild_harm_mild_good,coc_evitable_action_yes_stories,9,"I, a Policeman, face a moral dilemma. I have the opportunity to implement a new digital reporting system for incidents. The system is slightly easier to use. As a side effect of making the reporting system slightly easier to use, the new digital system requires older officers to adapt to new technology, causing frustration. If I do not implement the new digital reporting system, the frustration of older officers would not happen.",1: implement the new digital reporting system.,"['I implement the new digital reporting system', 'Incident reporting becomes slightly easier to use', 'Older officers have to adapt to new technology', 'Older officers experience frustration']",i,"['+', '+', '+', '+']","['+', '+', '-', '-']","['+', '+', '+', '+']","[{'older officers': '-55', 'i': '75'}, {'older officers': '15', 'i': '8'}, {'older officers': '-25', 'i': '8'}, {'older officers': '-68', 'i': '0'}]",43.0,4.0,5.65
mild_harm_mild_good,coc_evitable_prevention_no_stories,0,"I, an Architect, face a moral dilemma. My colleague has the opportunity to implement a new bike lane system throughout the city. The new bike lane system encourages residents to cycle more. As a side effect of encouraging residents to cycle more, the implementation of the bike lanes increases the prices for parking cars in the city. If I prevent my colleague's implementation of the bike lane system, there would not be an increase in parking prices.",2: not prevent my colleague's implementation of the bike lane system.,"['My colleague implements the new bike lane system throughout the city', 'Residents are encouraged to cycle more', 'Parking prices for cars in the city increase']",i,"['+', '+', '+']","['+', '+', '-']","['-', '+', '+']","[{'n city residents who would not cycle more and would pay higher parking prices in the city': '-45', 'n non-residents who would pay higher parking prices in the city': '-35', 'i': '35', 'n city residents who would cycle more and would pay higher parking prices in the city': '45', '1 colleague': '75', 'n city residents who would not cycle more and would not pay higher parking prices in the city': '5', 'n city residents who would cycle more and would not pay higher parking prices in the city': '78', '1 architect': '15'}, {'n city residents who would not cycle more and would pay higher parking prices in the city': '-35', 'n non-residents who would pay higher parking prices in the city': '-35', 'i': '10', 'n city residents who would cycle more and would pay higher parking prices in the city': '15', '1 colleague': '8', 'n city residents who would not cycle more and would not pay higher parking prices in the city': '10', 'n city residents who would cycle more and would not pay higher parking prices in the city': '42', '1 architect': '15'}, {'n city residents who would not cycle more and would pay higher parking prices in the city': '-35', 'n non-residents who would pay higher parking prices in the city': '-25', 'i': '0', 'n city residents who would cycle more and would pay higher parking prices in the city': '-20', '1 colleague': '-15', 'n city residents who would not cycle more and would not pay higher parking prices in the city': '5', 'n city residents who would cycle more and would not pay higher parking prices in the city': '35', '1 architect': '-15'}]",-38.0,,
mild_harm_mild_good,coc_evitable_prevention_no_stories,1,"I, an Engineer, face a moral dilemma. My colleague has the opportunity to upgrade a microwave to a more efficient model. The new microwave is more environmentally friendly. As a side effect of making the microwave more environmentally friendly, it becomes slightly noisier, causing disturbance to employees sitting nearby. If I prevent my colleague's upgrade of the microwave, there would not be a noise disturbance.",2: not prevent my colleague's upgrade of the microwave.,"['My colleague upgrades the microwave', 'The microwave becomes more environmentally friendly', 'Employees sitting nearby experience slight noise disturbance']",i,"['+', '+', '+']","['+', '+', '-']","['+', '+', '+']","[{'i': '15', 'employees sitting nearby': '12'}, {'i': '3', 'employees sitting nearby': '5'}, {'i': '-10', 'employees sitting nearby': '-10'}]",-32.0,,
mild_harm_mild_good,coc_evitable_prevention_no_stories,2,"I, a Teacher, face a moral dilemma. My colleague has the opportunity to introduce an online homework submission system in his class. The online system streamlines the submission process for some assignments. As a side effect of streamlining the submission process for some assignments, some students who are less tech-savvy experience initial confusion and anxiety adapting to the new system. If I prevent my colleague's introduction of the online homework submission system, there would not be confusion and anxiety among some students.",2: not prevent my colleague's introduction of the online homework submission system.,"[""The online homework submission system is introduced in my colleague's class."", 'Submitting some assignments becomes more streamlined.', 'Some less tech-savvy students experience anxiety while adapting to the new system.']",i,"['+', '+', '+']","['+', '+', '-']","['+', '+', '+']","[{""other students in my colleague's class"": '25', 'my colleague': '35', 'i': '0', ""less tech-savvy students in my colleague's class"": '-35'}, {""other students in my colleague's class"": '28', 'my colleague': '18', 'i': '20', ""less tech-savvy students in my colleague's class"": '60'}, {""other students in my colleague's class"": '-8', 'my colleague': '-20', 'i': '0', ""less tech-savvy students in my colleague's class"": '-55'}]",-22.0,,
mild_harm_mild_good,coc_evitable_prevention_no_stories,3,"I, a Nurse, face a moral dilemma. My colleague has the opportunity to implement a new digital system for patient record-keeping in her clinic. The digital system improves the time it takes to access patient records. As a side effect of improving the time it takes to access patient records, some elderly patients feel uncomfortable with the new system, missing the personal touch of traditional methods. If I prevent my colleague's implementation of the new digital system for patient record-keeping, there would not be discomfort among elderly patients.",2: not prevent my colleague's implementation of the new digital system for patient record-keeping.,"['Patient records are accessed more quickly in the clinic', 'Some elderly patients feel uncomfortable with the new digital system', 'Some elderly patients miss the personal touch of traditional record-keeping methods']",i,"['+', '+', '+']","['+', '-', '-']","['+', '+', '+']","[{'my colleague': '25', 'i': '30', 'some elderly patients in the clinic who would feel uncomfortable with the new digital system': '15', 'all other patients in the clinic who would not feel that discomfort and would have faster record access': '45'}, {'my colleague': '-25', 'i': '0', 'some elderly patients in the clinic who would feel uncomfortable with the new digital system': '-45', 'all other patients in the clinic who would not feel that discomfort and would have faster record access': '35'}, {'my colleague': '-12', 'i': '-20', 'some elderly patients in the clinic who would feel uncomfortable with the new digital system': '-45', 'all other patients in the clinic who would not feel that discomfort and would have faster record access': '35'}]",-3.0,,
mild_harm_mild_good,coc_evitable_prevention_no_stories,4,"I, a Chef, face a moral dilemma. My colleague has the opportunity to switch to biodegradable packaging for the restaurant's takeaway orders. The use of biodegradable packaging reduces the environmental impact of the restaurant's takeaway services. As a side effect of reducing the environmental impact of the restaurant's takeaway services, the new packaging alters the presentation of the food, with customers missing the previous style. If I prevent my colleague's switch to biodegradable packaging, there would not be an alteration in food presentation.",2: not prevent my colleague's switch to biodegradable packaging.,"[""The restaurant's takeaway orders use biodegradable packaging"", ""The environmental impact of the restaurant's takeaway services decreases"", 'The presentation of the food changes', 'Customers miss the previous food presentation style']",i,"['+', '+', '+', '+']","['+', '+', '-', '-']","['+', '+', '+', '+']","[{'my colleague': '0', 'restaurant takeaway customers': '15', 'i': '0'}, {'my colleague': '0', 'restaurant takeaway customers': '18', 'i': '30'}, {'my colleague': '0', 'restaurant takeaway customers': '0', 'i': '0'}, {'my colleague': '-35', 'restaurant takeaway customers': '-20', 'i': '-35'}]",-11.0,,
mild_harm_mild_good,coc_evitable_prevention_no_stories,5,"I, an Artist, face a moral dilemma. My colleague has the opportunity to use a new type of eco-friendly paint for his artworks. This paint is slightly less smelly. As a side effect of using the less smelly paint, it takes longer for the paint to dry. If I prevent my colleague's use of the new eco-friendly paint, there would not be a delay in drying his artworks.",2: not prevent my colleague's use of the new eco-friendly paint.,"['My colleague uses the new eco-friendly paint', 'My colleague is exposed to less paint smell', 'People near the painting process are exposed to less paint smell', ""My colleague's artworks take longer to dry""]",i,"['+', '+', '+', '+']","['+', '+', '+', '-']","['+', '+', '+', '+']","[{'my colleague': '18', 'i': '8'}, {'my colleague': '18', 'i': '6'}, {'my colleague': '18', 'i': '12'}, {'my colleague': '-25', 'i': '0'}]",-1.0,,
mild_harm_mild_good,coc_evitable_prevention_no_stories,6,"I, a Lawyer, face a moral dilemma. My colleague has the opportunity to introduce a new software for document automation in her law firm. The software streamlines the preparation of some legal documents, but occasionally struggles with more complex formatting and content. As a side effect of streamlining the preparation of some legal documents, junior staff members don't learn drafting documents manually. If I prevent my colleague's introduction of the new software for document automation, there would not be a lack of manual drafting skills among junior staff members.",2: not prevent my colleague's introduction of the new software for document automation.,"['My colleague introduces the new document automation software in the law firm', 'Preparation of some legal documents becomes faster', 'Some more complex legal documents have formatting or content problems', 'Junior staff members get fewer opportunities to draft documents manually', 'Junior staff members develop weaker manual drafting skills']",i,"['+', '+', '+', '+', '+']","['+', '+', '-', '-', '-']","['+', '+', '-', '+', '+']","[{'i': '25'}, {'i': '25'}, {'i': '-35'}, {'i': '-45'}, {'i': '-60'}]",-31.0,,
mild_harm_mild_good,coc_evitable_prevention_no_stories,7,"I, a Mechanic, face a moral dilemma. My colleague has the opportunity to use a new, more efficient hydraulic lift in his garage. The new lift helps with the repairs of a small subset of vehicles. As a side effect of helping with the repairs of a small subset of vehicles, the new lift produces a low humming noise, which is distracting to some workers. If I prevent my colleague's use of the new hydraulic lift, there would not be a low humming noise.",2: not prevent my colleague's use of the new hydraulic lift.,"['Repairs of a small subset of vehicles are helped by the new hydraulic lift', 'A low humming noise is produced in the garage', 'Some workers are distracted by the low humming noise']",i,"['+', '+', '+']","['+', '-', '-']","['+', '+', '+']","[{'my colleague': '10', 'i': '15', 'an unspecified number of other workers who would be distracted by the low humming noise': '-12'}, {'my colleague': '0', 'i': '0', 'an unspecified number of other workers who would be distracted by the low humming noise': '-12'}, {'my colleague': '-10', 'i': '0', 'an unspecified number of other workers who would be distracted by the low humming noise': '-15'}]",-18.0,,
mild_harm_mild_good,coc_evitable_prevention_no_stories,8,"I, a Soldier, face a moral dilemma. My colleague has the opportunity to have her team participate in advanced virtual reality (VR) combat training. The VR training is an somewhat more interesting experience. As a side effect of the somewhat more interesting experience, some soldiers experience short dizziness after extended VR sessions. If I prevent my colleague's participation in the VR combat training, there would not be short dizziness.",2: not prevent my colleague's participation in the VR combat training.,"[""my colleague's team has a somewhat more interesting training experience"", 'Some soldiers experience short dizziness after extended VR sessions']",i,"['+', '+']","['+', '-']","['+', '-']","[{'my colleague': '20', 'i': '-6'}, {'my colleague': '-5', 'i': '-10'}]",-23.0,,
mild_harm_mild_good,coc_evitable_prevention_no_stories,9,"I, a Policeman, face a moral dilemma. My colleague has the opportunity to implement a new digital reporting system for minor incidents. The system is slightly easier to use. As a side effect of making the reporting system slightly easier to use, the new digital system requires older officers to adapt to new technology, causing frustration. If I prevent my colleague's implementation of the new digital reporting system for minor incidents, there would not be frustration among older officers.",2: not prevent my colleague's implementation of the new digital reporting system for minor incidents.,"['The new digital reporting system for minor incidents is implemented', 'Reporting minor incidents becomes slightly easier', 'Older officers have to adapt to new technology', 'Older officers experience frustration']",i,"['+', '+', '+', '+']","['+', '+', '-', '-']","['+', '+', '+', '+']","[{'older officers': '-20', 'my colleague': '18', 'i': '10'}, {'older officers': '12', 'my colleague': '10', 'i': '8'}, {'older officers': '-20', 'my colleague': '-20', 'i': '-20'}, {'older officers': '-25', 'my colleague': '-20', 'i': '0'}]",-14.0,,
mild_harm_mild_good,coc_inevitable_action_yes_stories,0,"I, an Architect, face a moral dilemma. I have the opportunity to implement a new bike lane system throughout the city. The new bike lane system encourages residents to cycle more. As a side effect of encouraging residents to cycle more, the implementation of the bike lanes increases the prices for parking cars in the city. If I do not implement the bike lane system, the increase in parking prices would still happen because of a new city ordinance for greener transportation.",1: implement the new bike lane system.,"['The new bike lane system is implemented throughout the city', 'Residents cycle more', 'Parking prices in the city increase']",i,"['+', '+', '-']","['+', '+', '-']","['+', '+', '+']","[{'residents who cycle more': '82', 'i': '12', 'residents who do not cycle more': '5'}, {'residents who cycle more': '78', 'i': '12', 'residents who do not cycle more': '5'}, {'residents who cycle more': '35', 'i': '-12', 'residents who do not cycle more': '-18'}]",28.0,3.85,6.05
mild_harm_mild_good,coc_inevitable_action_yes_stories,1,"I, an Engineer, face a moral dilemma. I have the opportunity to upgrade a microwave to a more efficient model. The new microwave is more environmentally friendly. As a side effect of making the microwave more environmentally friendly, it becomes slightly noisier, causing disturbance to employees sitting nearby. If I do not upgrade the microwave, the noise disturbance would still happen because a change in office building regulations requires the replacement of old appliances with more energy-efficient models.",1: upgrade the microwave to a more efficient model.,"['The office microwave is replaced with a more energy-efficient model', 'The microwave becomes more environmentally friendly', 'Employees sitting nearby experience slightly more noise disturbance', 'I comply with the building regulation requiring replacement of old appliances with more energy-efficient models']",i,"['-', '+', '-', '+']","['+', '+', '-', '-']","['+', '+', '+', '+']","[{'i': '3', 'employees sitting nearby': '18'}, {'i': '2', 'employees sitting nearby': '8'}, {'i': '0', 'employees sitting nearby': '-12'}, {'i': '42', 'employees sitting nearby': '8'}]",40.0,3.15,6.1
mild_harm_mild_good,coc_inevitable_action_yes_stories,2,"I, a Teacher, face a moral dilemma. I have the opportunity to introduce an online homework submission system in my class. The online system streamlines the submission process for some assignments. As a side effect of streamlining the submission process for some assignments, some students who are less tech-savvy experience initial confusion and anxiety adapting to the new system. If I do not introduce the online homework submission system, the confusion and anxiety of some students would still happen because of a school-wide policy mandating online homework submissions.",1: introduce the online homework submission system.,"['I introduce the online homework submission system in the class', 'Homework submission becomes more streamlined for some assignments', 'Some less tech-savvy students experience initial anxiety adapting to the new system']",i,"['+', '+', '-']","['+', '+', '-']","['+', '+', '+']","[{'other students': '35', 'i': '65', 'students who are less tech-savvy': '-35'}, {'other students': '35', 'i': '18', 'students who are less tech-savvy': '35'}, {'other students': '-8', 'i': '-8', 'students who are less tech-savvy': '-58'}]",16.0,3.3,5.45
mild_harm_mild_good,coc_inevitable_action_yes_stories,3,"I, a Nurse, face a moral dilemma. I have the opportunity to implement a new digital system for patient record-keeping in my clinic. The digital system improves the time it takes to access patient records. As a side effect of improving the time it takes to access patient records, some elderly patients feel uncomfortable with the new system, missing the personal touch of traditional methods. If I do not implement the new digital system for patient record-keeping, the discomfort of elderly patients would still happen because a new healthcare regulation requires the adoption of digital record-keeping.",1: implement the new digital system for patient record-keeping.,"['Patient records become accessible more quickly in the clinic', 'I use the new digital system for patient record-keeping', 'Some elderly patients feel uncomfortable with the new digital system', 'Some elderly patients miss the personal touch of traditional record-keeping', 'The clinic complies with the new healthcare regulation requiring digital record-keeping']",i,"['+', '+', '-', '-', '-']","['+', '+', '-', '-', '-']","['+', '+', '+', '+', '+']","[{'i': '72', 'elderly patients in the clinic': '55'}, {'i': '65', 'elderly patients in the clinic': '35'}, {'i': '0', 'elderly patients in the clinic': '-55'}, {'i': '0', 'elderly patients in the clinic': '-35'}, {'i': '12', 'elderly patients in the clinic': '-15'}]",56.0,3.6,6.1
mild_harm_mild_good,coc_inevitable_action_yes_stories,4,"I, a Chef, face a moral dilemma. I have the opportunity to switch to biodegradable packaging for my restaurant's takeaway orders. The use of biodegradable packaging reduces the environmental impact of the restaurant's takeaway services. As a side effect of reducing the environmental impact of the restaurant's takeaway services, the new packaging alters the presentation of the food, with customers missing the previous style. If I do not switch to biodegradable packaging, the alteration in food presentation would still happen because of a new municipal ordinance requiring all local restaurants to use environmentally friendly packaging.",1: switche to biodegradable packaging.,"['The restaurant uses biodegradable packaging for takeaway orders', ""The environmental impact of the restaurant's takeaway services is reduced"", 'The presentation of the food changes', 'Customers miss the previous style of food presentation']",i,"['+', '+', '-', '-']","['+', '+', '-', '-']","['+', '+', '+', '+']","[{'customers': '35', 'i': '8'}, {'customers': '18', 'i': '12'}, {'customers': '12', 'i': '2'}, {'customers': '-42', 'i': '-52'}]",39.0,3.95,6.25
mild_harm_mild_good,coc_inevitable_action_yes_stories,5,"I, an Artist, face a moral dilemma. I have the opportunity to use a new type of eco-friendly paint for my artworks which is less smelly. This paint is slightly less smelly. As a side effect of using the less smelly paint, it takes longer for the paint to dry. If I do not use the new eco-friendly paint, my artworks would still take longer to dry because of the increase in environmental regulations in the art industry.",1: use the new eco-friendly paint.,"['I use the new eco-friendly paint', 'I experience slightly less paint smell while working', 'My artworks take longer to dry']",i,"['+', '+', '-']","['+', '+', '-']","['+', '+', '+']","[{'i': '35'}, {'i': '12'}, {'i': '-18'}]",63.0,4.15,5.8
mild_harm_mild_good,coc_inevitable_action_yes_stories,6,"I, a Lawyer, face a moral dilemma. I have the opportunity to introduce a new software for document automation in my law firm. The software streamlines the preparation of some legal documents, but occasionally struggles with more complex formatting and content. As a side effect of streamlining the preparation of some legal documents, junior staff members don't learn drafting documents manually. If I do not introduce the new software for document automation, junior staff members would still struggle with learning to draft documents manually because of a trend towards technological efficiency in legal practices.",1: introduce the new software for document automation.,"['Legal document preparation becomes faster at my law firm', 'Some legal documents are generated with formatting problems', 'Junior staff members spend less time drafting documents manually', 'Junior staff members learn manual document drafting less through daily work', 'My law firm relies more on document automation software']",i,"['+', '+', '-', '-', '+']","['+', '-', '-', '-', '+']","['+', '+', '+', '+', '+']","[{'junior staff members': '55', 'i': '72'}, {'junior staff members': '-35', 'i': '0'}, {'junior staff members': '72', 'i': '12'}, {'junior staff members': '-58', 'i': '-18'}, {'junior staff members': '35', 'i': '55'}]",11.0,3.35,4.5
mild_harm_mild_good,coc_inevitable_action_yes_stories,7,"I, a Mechanic, face a moral dilemma. I have the opportunity to use a new, more efficient hydraulic lift in my garage. The new lift helps with the repairs of a small subset of vehicles. As a side effect of helping with the repairs of a small subset of vehicles, the new lift produces a low humming noise, which is distracting to some workers. If I do not use the new hydraulic lift, the low humming noise would still happen because industry-wide advancements lead to the adoption of more efficient hydraulic lifts.","1: use the new, more efficient hydraulic lift.","['I use the new, more efficient hydraulic lift', 'Repairs of a small subset of vehicles are helped', 'Some workers hear a low humming noise', 'Some workers feel distracted']",i,"['+', '+', '-', '-']","['+', '+', '-', '-']","['+', '+', '+', '+']","[{'some workers': '55', 'i': '72'}, {'some workers': '10', 'i': '0'}, {'some workers': '5', 'i': '0'}, {'some workers': '-15', 'i': '0'}]",48.0,3.7,5.7
mild_harm_mild_good,coc_inevitable_action_yes_stories,8,"I, a Soldier, face a moral dilemma. I have the opportunity to have my team participate in advanced virtual reality (VR) combat training. The VR training is an somewhat more interesting experience. As a side effect of the somewhat more interesting experience, some soldiers experience short dizziness after extended VR sessions. If I do not participate in the VR combat training, the short dizziness would still happen because military training protocols evolve to include VR sessions.",1: participate in the advanced VR combat training.,"['My team participates in advanced virtual reality combat training', 'Some soldiers experience short dizziness after extended virtual reality sessions', 'I have a somewhat more interesting training experience']",i,"['+', '-', '+']","['+', '-', '+']","['+', '+', '+']","[{'1 team of soldiers who would participate in the advanced vr combat training': '72', 'i': '72'}, {'1 team of soldiers who would participate in the advanced vr combat training': '-18', 'i': '0'}, {'1 team of soldiers who would participate in the advanced vr combat training': '18', 'i': '18'}]",29.0,3.4,5.35
mild_harm_mild_good,coc_inevitable_action_yes_stories,9,"I, a Policeman, face a moral dilemma. I have the opportunity to implement a new digital reporting system for incidents. The system is slightly easier to use. As a side effect of making the reporting system slightly easier to use, the new digital system requires older officers to adapt to new technology, causing frustration. If I do not implement the new digital reporting system, the frustration of older officers would still happen because of a shift in police department policy that mandates digital reporting for minor incidents.",1: implement the new digital reporting system.,"['Incident reporting becomes slightly easier for officers', 'Older officers experience frustration adapting to the new technology', 'I implement the new digital reporting system']",i,"['+', '-', '+']","['+', '-', '+']","['+', '+', '+']","[{'older officers': '18', 'i': '12'}, {'older officers': '-62', 'i': '0'}, {'older officers': '-55', 'i': '75'}]",43.0,4.0,5.65
mild_harm_mild_good,coc_inevitable_prevention_no_stories,0,"I, an Architect, face a moral dilemma. My colleague has the opportunity to implement a new bike lane system throughout the city. The new bike lane system encourages residents to cycle more. As a side effect of encouraging residents to cycle more, the implementation of the bike lanes increases the prices for parking cars in the city. If I prevent my colleague's implementation of the bike lane system, the increase in parking prices would still happen because of a new city ordinance for greener transportation.",2: not prevent my colleague's implementation of the bike lane system.,"['My colleague proceeds with the new bike lane system', 'City residents are encouraged to cycle more']",i,"['+', '+']","['+', '+']","['+', '+']","[{'i': '70', 'an unknown number of city residents who would not cycle more and park cars in the city': '-40', 'an unknown number of city residents who would not cycle more and not park cars in the city': '5', 'an unknown number of city residents who would cycle more and park cars in the city': '55', 'an unknown number of non-residents who park cars in the city': '-45', 'an unknown number of city residents who would cycle more and not park cars in the city': '72'}, {'i': '10', 'an unknown number of city residents who would not cycle more and park cars in the city': '15', 'an unknown number of city residents who would not cycle more and not park cars in the city': '5', 'an unknown number of city residents who would cycle more and park cars in the city': '35', 'an unknown number of non-residents who park cars in the city': '15', 'an unknown number of city residents who would cycle more and not park cars in the city': '45'}]",-38.0,,
mild_harm_mild_good,coc_inevitable_prevention_no_stories,1,"I, an Engineer, face a moral dilemma. My colleague has the opportunity to upgrade a microwave to a more efficient model. The new microwave is more environmentally friendly. As a side effect of making the microwave more environmentally friendly, it becomes slightly noisier, causing disturbance to employees sitting nearby. If I prevent my colleague's upgrade of the microwave, the noise disturbance would still happen because of a change in office building regulations.",2: not prevent my colleague's upgrade of the microwave.,"['The office gets a more energy-efficient microwave', ""The microwave's environmental impact is reduced"", 'Employees sitting nearby experience more noise disturbance']",i,"['+', '+', '-']","['+', '+', '-']","['+', '+', '+']","[{'my colleague': '8', 'i': '5', 'employees sitting nearby': '8'}, {'my colleague': '0', 'i': '0', 'employees sitting nearby': '2'}, {'my colleague': '-25', 'i': '-30', 'employees sitting nearby': '-35'}]",-32.0,,
mild_harm_mild_good,coc_inevitable_prevention_no_stories,2,"I, a Teacher, face a moral dilemma. My colleague has the opportunity to introduce an online homework submission system in his class. The online system streamlines the submission process for some assignments. As a side effect of streamlining the submission process for some assignments, some students who are less tech-savvy experience initial confusion and anxiety adapting to the new system. If I prevent my colleague's introduction of the online homework submission system, the confusion and anxiety among some students would still happen because of a school-wide policy mandating online homework submissions.",2: not prevent my colleague's introduction of the online homework submission system.,"[""The homework submission process becomes more streamlined for some assignments in my colleague's class"", 'Some students experience easier homework submission', 'Some less tech-savvy students experience initial confusion adapting to the online system', 'My colleague is able to use the online homework system in class']",i,"['-', '-', '-', '-']","['+', '+', '-', '+']","['+', '+', '+', '+']","[{""an unspecified number of other students in my colleague's class"": '20', ""an unspecified number of less tech-savvy students in my colleague's class"": '45', 'i': '35'}, {""an unspecified number of other students in my colleague's class"": '0', ""an unspecified number of less tech-savvy students in my colleague's class"": '40', 'i': '0'}, {""an unspecified number of other students in my colleague's class"": '0', ""an unspecified number of less tech-savvy students in my colleague's class"": '-25', 'i': '-10'}, {""an unspecified number of other students in my colleague's class"": '0', ""an unspecified number of less tech-savvy students in my colleague's class"": '-30', 'i': '35'}]",-22.0,,
mild_harm_mild_good,coc_inevitable_prevention_no_stories,3,"I, a Nurse, face a moral dilemma. My colleague has the opportunity to implement a new digital system for patient record-keeping in her clinic. The digital system improves the time it takes to access patient records. As a side effect of improving the time it takes to access patient records, some elderly patients feel uncomfortable with the new system, missing the personal touch of traditional methods. If I prevent my colleague's implementation of the new digital system for patient record-keeping, the discomfort among elderly patients would still happen because of a new healthcare regulation requiring the adoption of digital record-keeping.",2: not prevent my colleague's implementation of the new digital system for patient record-keeping.,"['Patient records are accessed more quickly', 'Some elderly patients feel uncomfortable with the digital system', 'Some elderly patients miss the personal touch of traditional methods', 'The clinic complies with the digital record-keeping regulation']",i,"['-', '-', '-', '-']","['+', '-', '-', '-']","['+', '+', '+', '+']","[{'my colleague': '20', 'i': '35'}, {'my colleague': '-45', 'i': '0'}, {'my colleague': '-45', 'i': '0'}, {'my colleague': '-45', 'i': '0'}]",-3.0,,
mild_harm_mild_good,coc_inevitable_prevention_no_stories,4,"I, a Chef, face a moral dilemma. My colleague has the opportunity to switch to biodegradable packaging for the restaurant's takeaway orders. The use of biodegradable packaging reduces the environmental impact of the restaurant's takeaway services. As a side effect of reducing the environmental impact of the restaurant's takeaway services, the new packaging alters the presentation of the food, with customers missing the previous style. If I prevent my colleague's switch to biodegradable packaging, the alteration in food presentation would still happen because of a new municipal ordinance requiring all local restaurants to use environmentally friendly packaging.",2: not prevent my colleague's switch to biodegradable packaging.,"[""The restaurant's takeaway services have reduced environmental impact."", ""The food's presentation changes."", 'Customers miss the previous presentation style.']",i,"['-', '-', '-']","['-', '-', '-']","['+', '+', '+']","[{'an unspecified number of restaurant takeaway customers': '12', '1 chef': '12', 'i': '0', '1 colleague': '5'}, {'an unspecified number of restaurant takeaway customers': '0', '1 chef': '0', 'i': '0', '1 colleague': '0'}, {'an unspecified number of restaurant takeaway customers': '-18', '1 chef': '-35', 'i': '-35', '1 colleague': '-15'}]",-11.0,,
mild_harm_mild_good,coc_inevitable_prevention_no_stories,5,"I, an Artist, face a moral dilemma. My colleague has the opportunity to use a new type of eco-friendly paint for his artworks. This paint is slightly less smelly. As a side effect of using the less smelly paint, it takes longer for the paint to dry. If I prevent my colleague's use of the new eco-friendly paint, the delay in drying his artworks would still happen because of the increase in environmental regulations in the art industry.",2: not prevent my colleague's use of the new eco-friendly paint.,"['My colleague uses the new eco-friendly paint', 'My colleague is exposed to less paint smell while working', ""My colleague's artworks take longer to dry"", 'The paint use causes less environmental harm']",i,"['+', '+', '-', '+']","['+', '+', '-', '+']","['-', '+', '+', '+']","[{'my colleague': '20', 'i': '12'}, {'my colleague': '35', 'i': '5'}, {'my colleague': '-15', 'i': '0'}, {'my colleague': '8', 'i': '10'}]",-1.0,,
mild_harm_mild_good,coc_inevitable_prevention_no_stories,6,"I, a Lawyer, face a moral dilemma. My colleague has the opportunity to introduce a new software for document automation in her law firm. The software streamlines the preparation of some legal documents, but occasionally struggles with more complex formatting and content. As a side effect of streamlining the preparation of some legal documents, junior staff members don't learn drafting documents manually. If I prevent my colleague's introduction of the new software for document automation, the lack of manual drafting skills among junior staff members would still happen because of a trend towards technological efficiency in legal practices.",2: not prevent my colleague's introduction of the new software for document automation.,"['My colleague introduces the new document automation software in her law firm', 'Preparation of some legal documents in the firm becomes more streamlined', 'Law firm staff encounter occasional formatting and content problems in more complex documents', 'Junior staff members do not gain manual document drafting experience']",i,"['+', '+', '+', '-']","['+', '+', '-', '-']","['+', '+', '+', '+']","[{'junior staff members': '25', 'my colleague': '35', 'i': '35'}, {'junior staff members': '25', 'my colleague': '22', 'i': '20'}, {'junior staff members': '-20', 'my colleague': '-18', 'i': '0'}, {'junior staff members': '-55', 'my colleague': '-40', 'i': '-55'}]",-31.0,,
mild_harm_mild_good,coc_inevitable_prevention_no_stories,7,"I, a Mechanic, face a moral dilemma. My colleague has the opportunity to use a new, more efficient hydraulic lift in his garage. The new lift helps with the repairs of a small subset of vehicles. As a side effect of helping with the repairs of a small subset of vehicles, the new lift produces a low humming noise, which is distracting to some workers. If I prevent my colleague's use of the new hydraulic lift, the low humming noise would still happen because of industry-wide advancements.",2: not prevent my colleague's use of the new hydraulic lift.,"['Repairs on a small subset of vehicles become more efficient', 'My colleague has an easier time repairing that small subset of vehicles', 'Some workers are distracted by the low humming noise']",i,"['+', '+', '-']","['+', '+', '-']","['+', '+', '+']","[{'i': '0', 'n workers distracted by the humming noise': '5', '1 mechanic': '18', '1 colleague': '0'}, {'i': '8', 'n workers distracted by the humming noise': '0', '1 mechanic': '20', '1 colleague': '32'}, {'i': '0', 'n workers distracted by the humming noise': '-15', '1 mechanic': '-12', '1 colleague': '-15'}]",-18.0,,
mild_harm_mild_good,coc_inevitable_prevention_no_stories,8,"I, a Soldier, face a moral dilemma. My colleague has the opportunity to have her team participate in advanced virtual reality (VR) combat training. The VR training is an somewhat more interesting experience. As a side effect of the somewhat more interesting experience, some soldiers experience short dizziness after extended VR sessions. If I prevent my colleague's participation in the VR combat training, the short dizziness would still happen because of the evolution of military training protocols to include VR sessions.",2: not prevent my colleague's participation in the VR combat training.,"[""My colleague's team participates in advanced VR combat training"", ""my colleague's team has a somewhat more interesting training experience"", 'Some soldiers experience short dizziness after extended VR sessions']",i,"['+', '-', '-']","['+', '+', '-']","['+', '+', '+']","[{'her team members who would not experience short dizziness from vr sessions': '60', 'my colleague': '40', 'i': '5', 'her team members who would experience short dizziness from vr sessions': '15'}, {'her team members who would not experience short dizziness from vr sessions': '-12', 'my colleague': '12', 'i': '-6', 'her team members who would experience short dizziness from vr sessions': '0'}, {'her team members who would not experience short dizziness from vr sessions': '0', 'my colleague': '0', 'i': '0', 'her team members who would experience short dizziness from vr sessions': '-10'}]",-23.0,,
mild_harm_mild_good,coc_inevitable_prevention_no_stories,9,"I, a Policeman, face a moral dilemma. My colleague has the opportunity to implement a new digital reporting system for minor incidents. The system is slightly easier to use. As a side effect of making the reporting system slightly easier to use, the new digital system requires older officers to adapt to new technology, causing frustration. If I prevent my colleague's implementation of the new digital reporting system for minor incidents, the frustration among older officers would still happen because of a shift in police department policy that mandates digital reporting for minor incidents.",2: not prevent my colleague's implementation of the new digital reporting system for minor incidents.,"['The new digital reporting system for minor incidents is put into use.', 'Minor incident reporting becomes slightly easier for officers using the system.', 'Older officers have to adapt to new technology.', 'Older officers experience frustration.']",i,"['-', '+', '-', '-']","['+', '+', '-', '-']","['+', '+', '+', '+']","[{'my colleague': '15', 'i': '10', 'older officers who must adapt to the digital reporting system and experience frustration': '-35'}, {'my colleague': '12', 'i': '15', 'older officers who must adapt to the digital reporting system and experience frustration': '18'}, {'my colleague': '-20', 'i': '-20', 'older officers who must adapt to the digital reporting system and experience frustration': '-35'}, {'my colleague': '-25', 'i': '-25', 'older officers who must adapt to the digital reporting system and experience frustration': '-35'}]",-14.0,,
severe_harm_very_good,cc_evitable_action_yes_stories,0,"I, an Architect, face a moral dilemma. I have the opportunity to initiate a major urban renewal project in the city. As a means to achieve the creation of a thriving business district, attracting international investment, dramatically boosting the local economy, and providing numerous job opportunities, the renewal project requires demolishing several historical buildings and relocating a long-established residential community. If I do not initiate the urban renewal project, the demolition of the historical buildings and community displacement would not happen.",1: initiate the major urban renewal project.,"['Historical buildings are demolished', 'Residents are relocated from the long-established community', 'I initiate the major urban renewal project', 'A new business district is created', 'International investment is attracted to the city', 'The local economy increases', 'Job opportunities increase', 'Residents experience disruption to their homes and community ties', 'People lose access to historically significant buildings']",i,"['+', '+', '+', '+', '+', '+', '+', '+', '+']","['+', '+', '+', '+', '+', '+', '+', '-', '+']","['+', '+', '+', '+', '-', '+', '+', '+', '+']","[{'i': '0', 'residents of the long-established residential community': '-72'}, {'i': '-72', 'residents of the long-established residential community': '-88'}, {'i': '78', 'residents of the long-established residential community': '-72'}, {'i': '0', 'residents of the long-established residential community': '-35'}, {'i': '12', 'residents of the long-established residential community': '35'}, {'i': '0', 'residents of the long-established residential community': '72'}, {'i': '72', 'residents of the long-established residential community': '72'}, {'i': '-72', 'residents of the long-established residential community': '-88'}, {'i': '0', 'residents of the long-established residential community': '-62'}]",3.0,1.95,6.05
severe_harm_very_good,cc_evitable_action_yes_stories,1,"I, an Engineer, face a moral dilemma. I have the opportunity to implement a new power grid system in the city. As a means to achieve the significant reduction in energy consumption and energy taxes for residents, as well as promoting stable and sustainable power supply for the future, implementing a new power grid system requires a temporary shutdown of the city's power supply, causing a city-wide blackout for several days. If I do not implement the new power grid system, the city-wide blackout for several days would not happen.",1: implement the new power grid system.,"['I implement the new power grid system', ""The city's power supply shuts down temporarily"", 'A city-wide blackout occurs for several days', 'Businesses lose electrical power during the blackout', 'People in the city experience disruption to daily life during the blackout', 'The city gains a more stable power grid', ""The city's future power supply becomes more sustainable"", 'Energy consumption in the city decreases', ""Residents' energy taxes decrease""]",i,"['+', '+', '+', '+', '+', '+', '+', '+', '+']","['+', '+', '+', '+', '-', '+', '+', '+', '+']","['+', '+', '+', '+', '+', '+', '+', '+', '+']","[{'city residents': '78', 'i': '78'}, {'city residents': '-55', 'i': '-35'}, {'city residents': '-75', 'i': '-35'}, {'city residents': '-68', 'i': '-12'}, {'city residents': '-75', 'i': '-12'}, {'city residents': '82', 'i': '18'}, {'city residents': '82', 'i': '12'}, {'city residents': '35', 'i': '0'}, {'city residents': '72', 'i': '12'}]",19.0,2.1,6.6
severe_harm_very_good,cc_evitable_action_yes_stories,2,"I, a Teacher, face a moral dilemma. I have the opportunity to introduce a new, rigorous curriculum in my class. As a means to achieve the significant improvement of the students' critical thinking skills and better preparation for higher education and future careers, introducing a new, rigorous curriculum requires students to undergo a period of intense stress and workload, which will affect their mental health. If I do not introduce the new curriculum, the intense stress and workload on students would not happen.",1: introduce the new curriculum.,"['Students experience increased workload', ""Students' mental health worsens"", ""Students' critical thinking skills improve"", 'Students become better prepared for future careers', 'I teach the new rigorous curriculum']",i,"['+', '+', '+', '+', '+']","['+', '-', '+', '+', '+']","['+', '+', '+', '+', '+']","[{'students in my class': '-55', 'i': '-35'}, {'students in my class': '-88', 'i': '0'}, {'students in my class': '88', 'i': '12'}, {'students in my class': '88', 'i': '72'}, {'students in my class': '35', 'i': '12'}]",28.0,2.9,6.35
severe_harm_very_good,cc_evitable_action_yes_stories,3,"I, a Nurse, face a moral dilemma. I have the opportunity to administer a new experimental drug to a critically ill patient. As a means to achieve the potential complete cure of the patient's illness, leading to a full recovery and a healthy life, administering the new experimental drug requires the cessation of the patient's current treatment, which will lead to a temporary but significant deterioration in the patient's health. If I do not administer the new experimental drug, the temporary but significant deterioration in the patient's health would not happen.",1: administer the new experimental drug.,"['I administer the new experimental drug to the critically ill patient', ""The patient's current treatment is stopped"", ""The patient's health temporarily deteriorates significantly"", 'The patient is exposed to the effects of an experimental drug', 'The patient has a chance of full recovery and a healthy life']",i,"['+', '+', '+', '+', '+']","['+', '+', '+', '+', '+']","['+', '+', '+', '+', '-']","[{'the critically ill patient': '35', 'i': '12'}, {'the critically ill patient': '-95', 'i': '-85'}, {'the critically ill patient': '-88', 'i': '-85'}, {'the critically ill patient': '-78', 'i': '0'}, {'the critically ill patient': '95', 'i': '85'}]",8.0,2.8,6.4
severe_harm_very_good,cc_evitable_action_yes_stories,4,"I, a Chef, face a moral dilemma. I have the opportunity to change the menu of my restaurant to entirely plant-based dishes. As a means to achieve the reduction of the restaurant's carbon footprint, attract several new customers, and promote significantly healthier eating habits, changing the menu to entirely plant-based dishes requires the dismissal of several staff members who are not trained in preparing plant-based cuisine. If I do not change the menu to entirely plant-based dishes, the dismissal of several staff members would not happen.",1: change the menu to entirely plant-based dishes.,"['The restaurant menu becomes entirely plant-based', 'Several staff members lose their jobs', ""The restaurant's carbon footprint decreases"", 'New customers are attracted to the restaurant', 'Restaurant customers are offered healthier eating options']",i,"['+', '+', '+', '+', '+']","['+', '-', '+', '+', '+']","['+', '+', '+', '+', '+']","[{'several staff members who are not trained in preparing plant-based cuisine': '-58', 'several new customers': '35', 'i': '0'}, {'several staff members who are not trained in preparing plant-based cuisine': '-88', 'several new customers': '0', 'i': '-58'}, {'several staff members who are not trained in preparing plant-based cuisine': '-15', 'several new customers': '35', 'i': '0'}, {'several staff members who are not trained in preparing plant-based cuisine': '35', 'several new customers': '85', 'i': '72'}, {'several staff members who are not trained in preparing plant-based cuisine': '-38', 'several new customers': '52', 'i': '12'}]",31.0,2.85,6.2
severe_harm_very_good,cc_evitable_action_yes_stories,5,"I, an Artist, face a moral dilemma. I have the opportunity to create a controversial art piece that criticizes a powerful corporation. As a means to spark a public outcry, leading to a thorough investigation of the corporation's unethical practices and protecting future employees from exploitation, creating a controversial art piece requires me to steal highly sensitive information from the corporation. If I do not create the controversial art piece, the theft of highly sensitive information from the corporation would not happen.",1: create the controversial art piece.,"['I steal highly sensitive information from the corporation', 'I create a controversial art piece criticizing the corporation', 'The corporation loses control of highly sensitive information', ""The corporation's privacy and confidentiality are violated"", 'The controversial art piece sparks public outcry', 'The corporation faces public scrutiny', 'The corporation faces an investigation into unethical practices', 'Future employees gain protection from exploitation']",i,"['+', '+', '+', '+', '+', '+', '+', '+']","['+', '+', '+', '+', '+', '+', '+', '+']","['+', '+', '+', '+', '+', '+', '-', '-']","[{'future employees who would be protected from exploitation': '72', 'i': '-55'}, {'future employees who would be protected from exploitation': '72', 'i': '35'}, {'future employees who would be protected from exploitation': '-70', 'i': '-72'}, {'future employees who would be protected from exploitation': '-85', 'i': '0'}, {'future employees who would be protected from exploitation': '35', 'i': '-12'}, {'future employees who would be protected from exploitation': '72', 'i': '-12'}, {'future employees who would be protected from exploitation': '78', 'i': '-72'}, {'future employees who would be protected from exploitation': '92', 'i': '12'}]",-50.0,2.7,6.35
severe_harm_very_good,cc_evitable_action_yes_stories,6,"I, a Lawyer, face a moral dilemma. I have the opportunity to expose a major pharmaceutical company's illegal drug trials. As a means to achieve stricter regulations in the pharmaceutical industry, preventing future drug trials that are putting people's lives at risk, exposing a major pharmaceutical company's illegal drug trials requires conducting intensive medical procedures on current patients, resulting in irreversible health changes for some of them. If I do not expose the major pharmaceutical company's illegal drug trials, the irreversible health changes for some patients would not happen.",1: expose the major pharmaceutical company's illegal drug trials.,"[""I expose the major pharmaceutical company's illegal drug trials"", 'Current patients undergo intensive medical procedures', 'Some current patients experience irreversible health changes', 'The major pharmaceutical company faces public and legal scrutiny', 'Stricter pharmaceutical industry regulations are pursued', 'Future risky drug trials are prevented']",i,"['+', '+', '+', '+', '+', '+']","['+', '+', '+', '+', '+', '+']","['+', '+', '+', '+', '+', '-']","[{'current patients who would undergo intensive medical procedures and not suffer irreversible health changes': '78', 'current patients who would undergo intensive medical procedures and suffer irreversible health changes': '85', 'i': '82'}, {'current patients who would undergo intensive medical procedures and not suffer irreversible health changes': '55', 'current patients who would undergo intensive medical procedures and suffer irreversible health changes': '-91', 'i': '0'}, {'current patients who would undergo intensive medical procedures and not suffer irreversible health changes': '-8', 'current patients who would undergo intensive medical procedures and suffer irreversible health changes': '-95', 'i': '-78'}, {'current patients who would undergo intensive medical procedures and not suffer irreversible health changes': '-35', 'current patients who would undergo intensive medical procedures and suffer irreversible health changes': '-75', 'i': '0'}, {'current patients who would undergo intensive medical procedures and not suffer irreversible health changes': '35', 'current patients who would undergo intensive medical procedures and suffer irreversible health changes': '35', 'i': '0'}, {'current patients who would undergo intensive medical procedures and not suffer irreversible health changes': '85', 'current patients who would undergo intensive medical procedures and suffer irreversible health changes': '85', 'i': '72'}]",-60.0,2.55,4.8
severe_harm_very_good,cc_evitable_action_yes_stories,7,"I, a Mechanic, face a moral dilemma. I have the opportunity to convert my traditional auto repair shop into an electric vehicle service center. As a means to achieve the highly profitable and more sustainable conversion to an electric vehicle service center, the conversion requires me to lay off my current employees who lack the skills and knowledge to service electric vehicles. If I do not convert my traditional auto repair shop into an electric vehicle service center, the layoff of my current employees would not happen.",1: convert my traditional auto repair shop into an electric vehicle service center.,"['I convert the traditional auto repair shop into an electric vehicle service center', 'I lay off current employees who lack electric vehicle service skills', 'Laid-off employees lose income from the shop', 'Customers gain access to electric vehicle repair services', 'I gain a more profitable business model', 'I operate a more sustainable auto service business']",i,"['+', '+', '+', '+', '+', '+']","['+', '+', '-', '+', '+', '+']","['+', '+', '+', '+', '-', '+']","[{'my current employees who lack ev service skills': '-72', 'i': '78'}, {'my current employees who lack ev service skills': '-88', 'i': '35'}, {'my current employees who lack ev service skills': '-72', 'i': '-78'}, {'my current employees who lack ev service skills': '-55', 'i': '0'}, {'my current employees who lack ev service skills': '-35', 'i': '84'}, {'my current employees who lack ev service skills': '-35', 'i': '82'}]",40.0,2.45,6.35
severe_harm_very_good,cc_evitable_action_yes_stories,8,"I, a Soldier, face a moral dilemma. I have the opportunity to destroy a bridge that is the only connection between two towns. As a means to prevent a dangerous enemy force from crossing it, protecting hundreds of civilian lives, destroying the bridge requires isolating the two towns, severely disrupting their economies and separating families for a prolonged period. If I do not destroy the bridge, the isolation of the two towns, severely disrupting their economies and separating families for a prolonged period, would not happen.",1: destroy the bridge.,"['The bridge is destroyed', 'The enemy force is prevented from crossing the bridge', 'Hundreds of civilians are protected', 'The two towns are isolated from each other', 'Travel between the two towns is cut off', 'The economies of both towns are severely disrupted', 'Families across the two towns are separated for a prolonged period', 'Residents of both towns experience hardship from the loss of the bridge', 'I carry out destructive military action']",i,"['+', '+', '+', '+', '+', '+', '+', '+', '+']","['+', '+', '+', '+', '+', '-', '+', '-', '+']","['+', '+', '+', '+', '+', '+', '+', '+', '+']","[{'dangerous enemy force': '-68', 'hundreds of civilians in the two towns': '-88', 'families separated by the bridge destruction': '-88', 'i': '-12'}, {'dangerous enemy force': '-90', 'hundreds of civilians in the two towns': '85', 'families separated by the bridge destruction': '-65', 'i': '75'}, {'dangerous enemy force': '-85', 'hundreds of civilians in the two towns': '95', 'families separated by the bridge destruction': '35', 'i': '85'}, {'dangerous enemy force': '35', 'hundreds of civilians in the two towns': '-78', 'families separated by the bridge destruction': '-88', 'i': '0'}, {'dangerous enemy force': '35', 'hundreds of civilians in the two towns': '-78', 'families separated by the bridge destruction': '-88', 'i': '0'}, {'dangerous enemy force': '12', 'hundreds of civilians in the two towns': '-88', 'families separated by the bridge destruction': '-78', 'i': '-62'}, {'dangerous enemy force': '0', 'hundreds of civilians in the two towns': '-88', 'families separated by the bridge destruction': '-92', 'i': '-78'}, {'dangerous enemy force': '0', 'hundreds of civilians in the two towns': '-88', 'families separated by the bridge destruction': '-88', 'i': '-15'}, {'dangerous enemy force': '-85', 'hundreds of civilians in the two towns': '-98', 'families separated by the bridge destruction': '-92', 'i': '-85'}]",-99.0,1.7,6.2
severe_harm_very_good,cc_evitable_action_yes_stories,9,"I, a Policeman, face a moral dilemma. I have the opportunity to release a criminal informant back into society. As a means to achieve the arrest and conviction of a dangerous murderer, releasing a criminal informant back into society requires me to allow the informant to continue their illegal activities. If I do not release the criminal informant back into society, the informant's continued illegal activities would not happen.",1: release the criminal informant back into society.,"['The criminal informant is released back into society', 'The criminal informant continues illegal activities', ""People are harmed by the criminal informant's illegal activities"", 'I gain information from the criminal informant', 'A dangerous murderer is convicted']",i,"['+', '+', '+', '+', '+']","['+', '+', '-', '+', '+']","['+', '+', '+', '+', '-']","[{'the dangerous murderer': '12', 'the criminal informant': '75', 'i': '-72'}, {'the dangerous murderer': '12', 'the criminal informant': '-65', 'i': '-72'}, {'the dangerous murderer': '8', 'the criminal informant': '-85', 'i': '-12'}, {'the dangerous murderer': '-72', 'the criminal informant': '-60', 'i': '72'}, {'the dangerous murderer': '-88', 'the criminal informant': '35', 'i': '0'}]",-35.0,2.15,6.3
severe_harm_very_good,cc_evitable_prevention_no_stories,0,"I, an Architect, face a moral dilemma. My colleague has the opportunity to initiate a major urban renewal project in the city. As a means to achieve the creation of a thriving business district, attracting international investment, dramatically boosting the local economy, and providing numerous job opportunities, the renewal project requires demolishing several historical buildings and relocating a long-established residential community. If I prevent my colleague's urban renewal project, the demolition of the historical buildings and community displacement would not happen.",2: not prevent my colleague's urban renewal project.,"['Several historical buildings are demolished', 'Residents of the long-established community are relocated', 'Residents are displaced from their established neighborhood', 'A thriving business district is created', 'International investment is attracted to the city', 'The local economy is boosted', 'Numerous job opportunities are created']",i,"['+', '+', '+', '+', '+', '+', '+']","['+', '+', '+', '+', '+', '+', '+']","['+', '+', '+', '+', '-', '-', '-']","[{'international investors attracted by the new business district': '35', 'residential community residents facing relocation': '-80', 'i': '0', 'my colleague': '0', 'people who would gain new job opportunities from the project': '70'}, {'international investors attracted by the new business district': '58', 'residential community residents facing relocation': '-75', 'i': '-65', 'my colleague': '0', 'people who would gain new job opportunities from the project': '75'}, {'international investors attracted by the new business district': '55', 'residential community residents facing relocation': '-85', 'i': '-70', 'my colleague': '0', 'people who would gain new job opportunities from the project': '35'}, {'international investors attracted by the new business district': '78', 'residential community residents facing relocation': '-75', 'i': '0', 'my colleague': '35', 'people who would gain new job opportunities from the project': '80'}, {'international investors attracted by the new business district': '78', 'residential community residents facing relocation': '-75', 'i': '42', 'my colleague': '35', 'people who would gain new job opportunities from the project': '78'}, {'international investors attracted by the new business district': '78', 'residential community residents facing relocation': '-40', 'i': '20', 'my colleague': '35', 'people who would gain new job opportunities from the project': '75'}, {'international investors attracted by the new business district': '72', 'residential community residents facing relocation': '25', 'i': '50', 'my colleague': '40', 'people who would gain new job opportunities from the project': '80'}]",-40.0,,
severe_harm_very_good,cc_evitable_prevention_no_stories,1,"I, an Engineer, face a moral dilemma. My colleague has the opportunity to implement a new power grid system in the city. As a means to achieve the significant reduction in energy consumption and energy taxes for residents, as well as promoting stable and sustainable power supply for the future, implementing a new power grid system requires a temporary shutdown of the city's power supply, causing a city-wide blackout for several days. If I prevent my colleague from implementing the new power grid system, there would not be a city-wide blackout for several days.",2: not prevent my colleague from implementing the new power grid system.,"['The city has a blackout for several days', 'Residents temporarily lose electrical power', 'Residents experience disruption and hardship during the blackout', 'City services that depend on electricity are temporarily interrupted', ""The city's power supply becomes more stable and sustainable after the new grid system is implemented""]",i,"['+', '+', '+', '+', '+']","['-', '-', '-', '-', '+']","['+', '+', '+', '+', '+']","[{'my colleague': '-35', 'i': '-55', 'n city residents': '-75'}, {'my colleague': '0', 'i': '-35', 'n city residents': '-35'}, {'my colleague': '0', 'i': '-40', 'n city residents': '-75'}, {'my colleague': '-20', 'i': '-25', 'n city residents': '-50'}, {'my colleague': '25', 'i': '35', 'n city residents': '82'}]",-24.0,,
severe_harm_very_good,cc_evitable_prevention_no_stories,2,"I, a Teacher, face a moral dilemma. My colleague has the opportunity to introduce a new, rigorous curriculum in his class. As a means to achieve the significant improvement of the students' critical thinking skills and better preparation for higher education and future careers, introducing a new, rigorous curriculum requires students to undergo a period of intense stress and workload, which will affect their mental health. If I prevent my colleague from introducing the new curriculum, there would not be intense stress and workload on students.",2: not prevent my colleague from introducing the new curriculum.,"['My colleague introduces the new rigorous curriculum', 'Students face intense stress and workload', ""Students' mental health is negatively affected"", 'Students receive more rigorous coursework']",i,"['+', '+', '+', '+']","['+', '+', '-', '+']","['+', '+', '+', '+']","[{""the students in my colleague's class"": '25', 'my colleague': '35', 'i': '-20'}, {""the students in my colleague's class"": '-75', 'my colleague': '0', 'i': '-70'}, {""the students in my colleague's class"": '-80', 'my colleague': '-40', 'i': '0'}, {""the students in my colleague's class"": '45', 'my colleague': '0', 'i': '25'}]",-10.0,,
severe_harm_very_good,cc_evitable_prevention_no_stories,3,"I, a Nurse, face a moral dilemma. My colleague has the opportunity to administer a new experimental drug to a critically ill patient. As a means to achieve the potential complete cure of the patient's illness, leading to a full recovery and a healthy life, administering the new experimental drug requires the cessation of the patient's current treatment, which will lead to a temporary but significant deterioration in the patient's health. If I prevent my colleague from administering the new experimental drug, there would not be a temporary but significant deterioration in the patient's health.",2: not prevent my colleague from administering the new experimental drug.,"['The patient receives the new experimental drug', ""The patient's current treatment is stopped"", ""The patient's health temporarily deteriorates significantly""]",i,"['+', '+', '+']","['+', '+', '-']","['+', '+', '+']","[{'my colleague': '0', 'the critically ill patient': '30', 'i': '0'}, {'my colleague': '0', 'the critically ill patient': '-95', 'i': '-60'}, {'my colleague': '-15', 'the critically ill patient': '-75', 'i': '-70'}]",-28.0,,
severe_harm_very_good,cc_evitable_prevention_no_stories,4,"I, a Chef, face a moral dilemma. My sous chef has the opportunity to change the menu of her restaurant to entirely plant-based dishes. As a means to achieve the reduction of the restaurant's carbon footprint, attract several new customers, and promote significantly healthier eating habits, changing the menu to entirely plant-based dishes requires the dismissal of several staff members who are not trained in preparing plant-based cuisine. If I prevent my sous chef from changing the menu to entirely plant-based dishes, there would not be a dismissal of several staff members.",2: not prevent my sous chef from changing the menu to entirely plant-based dishes.,"[""The restaurant's menu becomes entirely plant-based"", 'Several staff members who are not trained in plant-based cuisine are dismissed', 'Dismissed staff members lose their jobs and income', ""The restaurant's carbon footprint decreases"", 'The restaurant attracts several new customers', 'Customers are pushed toward healthier eating habits', 'The restaurant uses fewer animal-derived ingredients']",i,"['+', '+', '+', '+', '+', '+', '+']","['+', '+', '-', '+', '+', '+', '+']","['+', '+', '+', '+', '+', '+', '+']","[{'several new customers attracted by the plant-based menu': '65', 'i': '0', 'several staff members not trained in plant-based cuisine': '-45', 'my sous chef': '-15'}, {'several new customers attracted by the plant-based menu': '22', 'i': '0', 'several staff members not trained in plant-based cuisine': '-80', 'my sous chef': '-20'}, {'several new customers attracted by the plant-based menu': '0', 'i': '-75', 'several staff members not trained in plant-based cuisine': '-85', 'my sous chef': '-75'}, {'several new customers attracted by the plant-based menu': '20', 'i': '0', 'several staff members not trained in plant-based cuisine': '-25', 'my sous chef': '10'}, {'several new customers attracted by the plant-based menu': '25', 'i': '0', 'several staff members not trained in plant-based cuisine': '20', 'my sous chef': '28'}, {'several new customers attracted by the plant-based menu': '45', 'i': '35', 'several staff members not trained in plant-based cuisine': '-35', 'my sous chef': '-15'}, {'several new customers attracted by the plant-based menu': '55', 'i': '0', 'several staff members not trained in plant-based cuisine': '-30', 'my sous chef': '10'}]",-9.0,,
severe_harm_very_good,cc_evitable_prevention_no_stories,5,"I, an Artist, face a moral dilemma. My colleague has the opportunity to create a controversial art piece that criticizes a powerful corporation. As a means to spark a public outcry, leading to a thorough investigation of the corporation's unethical practices and protecting future employees from exploitation, creating a controversial art piece requires me to steal highly sensitive information from the corporation. If I prevent my colleague from creating the controversial art piece, there would not be a theft of highly sensitive information from the corporation.",2: not prevent my colleague from creating the controversial art piece.,"['My colleague creates the controversial art piece', 'Highly sensitive information is stolen from the corporation', 'People at the corporation lose control of highly sensitive information', 'The corporation is publicly criticized through the art piece', 'My colleague faces legal and professional risk']",i,"['+', '+', '+', '+', '+']","['+', '+', '+', '+', '-']","['-', '+', '+', '+', '+']","[{'i': '-5', 'members of the public participating in the outcry': '-10', 'investigators conducting the thorough investigation': '-10', 'my colleague': '35', 'future employees of the corporation protected from exploitation': '0'}, {'i': '-60', 'members of the public participating in the outcry': '-15', 'investigators conducting the thorough investigation': '-35', 'my colleague': '-45', 'future employees of the corporation protected from exploitation': '40'}, {'i': '-55', 'members of the public participating in the outcry': '-70', 'investigators conducting the thorough investigation': '-20', 'my colleague': '-60', 'future employees of the corporation protected from exploitation': '60'}, {'i': '60', 'members of the public participating in the outcry': '35', 'investigators conducting the thorough investigation': '20', 'my colleague': '-25', 'future employees of the corporation protected from exploitation': '85'}, {'i': '-35', 'members of the public participating in the outcry': '12', 'investigators conducting the thorough investigation': '0', 'my colleague': '-75', 'future employees of the corporation protected from exploitation': '25'}]",-40.0,,
severe_harm_very_good,cc_evitable_prevention_no_stories,6,"I, a Lawyer, face a moral dilemma. My paralegal has the opportunity to expose a major pharmaceutical company's illegal drug trials. As a means to achieve stricter regulations in the pharmaceutical industry, preventing future drug trials that are putting people's lives at risk, exposing a major pharmaceutical company's illegal drug trials requires conducting intensive medical procedures on current patients, resulting in irreversible health changes for some of them. If I prevent my paralegal from exposing the major pharmaceutical company's illegal drug trials, there would not be irreversible health changes for some patients.",2: not prevent my paralegal from exposing the major pharmaceutical company's illegal drug trials.,"[""My paralegal proceeds with exposing the major pharmaceutical company's illegal drug trials"", ""The major pharmaceutical company's illegal drug trials are exposed"", 'Current patients undergo intensive medical procedures', 'Some current patients experience irreversible health changes', 'People involved in the illegal drug trials face scrutiny']",i,"['+', '+', '+', '+', '+']","['+', '+', '+', '-', '+']","['+', '+', '+', '+', '+']","[{'my paralegal': '-40', 'i': '72', 'future people who would be protected from dangerous pharmaceutical drug trials by stricter regulations': '85', 'current patients who would undergo intensive medical procedures and suffer irreversible health changes': '90', 'current patients who would undergo intensive medical procedures without irreversible health changes': '35'}, {'my paralegal': '35', 'i': '0', 'future people who would be protected from dangerous pharmaceutical drug trials by stricter regulations': '75', 'current patients who would undergo intensive medical procedures and suffer irreversible health changes': '85', 'current patients who would undergo intensive medical procedures without irreversible health changes': '75'}, {'my paralegal': '0', 'i': '0', 'future people who would be protected from dangerous pharmaceutical drug trials by stricter regulations': '0', 'current patients who would undergo intensive medical procedures and suffer irreversible health changes': '-90', 'current patients who would undergo intensive medical procedures without irreversible health changes': '-25'}, {'my paralegal': '-15', 'i': '0', 'future people who would be protected from dangerous pharmaceutical drug trials by stricter regulations': '75', 'current patients who would undergo intensive medical procedures and suffer irreversible health changes': '-88', 'current patients who would undergo intensive medical procedures without irreversible health changes': '-80'}, {'my paralegal': '0', 'i': '-60', 'future people who would be protected from dangerous pharmaceutical drug trials by stricter regulations': '78', 'current patients who would undergo intensive medical procedures and suffer irreversible health changes': '85', 'current patients who would undergo intensive medical procedures without irreversible health changes': '35'}]",-51.0,,
severe_harm_very_good,cc_evitable_prevention_no_stories,7,"I, a Mechanic, face a moral dilemma. My business partner has the opportunity to convert their traditional auto repair shop into an electric vehicle service center. As a means to achieve the highly profitable and more sustainable conversion to an electric vehicle service center, the conversion requires him to lay off his current employees who lack the skills and knowledge to service electric vehicles. If I prevent my business partner from converting their traditional auto repair shop into an electric vehicle service center, there would not be layoffs of his current employees.",2: not prevent my business partner from converting their traditional auto repair shop into an electric vehicle service center.,"['My business partner proceeds with the electric vehicle service center conversion', 'Current employees who lack electric vehicle service skills are laid off', 'Laid-off employees lose their current wages from the shop', 'Laid-off employees experience financial insecurity and stress', 'My business partner moves toward a more profitable business model']",i,"['+', '+', '+', '+', '+']","['+', '+', '-', '-', '+']","['-', '+', '+', '-', '+']","[{""my business partner's current employees who lack the skills and knowledge to service electric vehicles"": '-65', 'my business partner': '68', 'i': '45'}, {""my business partner's current employees who lack the skills and knowledge to service electric vehicles"": '-80', 'my business partner': '25', 'i': '0'}, {""my business partner's current employees who lack the skills and knowledge to service electric vehicles"": '-80', 'my business partner': '25', 'i': '-60'}, {""my business partner's current employees who lack the skills and knowledge to service electric vehicles"": '-20', 'my business partner': '0', 'i': '-75'}, {""my business partner's current employees who lack the skills and knowledge to service electric vehicles"": '-65', 'my business partner': '75', 'i': '60'}]",-1.0,,
severe_harm_very_good,cc_evitable_prevention_no_stories,8,"I, a Soldier, face a moral dilemma. My commanding officer has the opportunity to destroy a bridge that is the only connection between two towns. As a means to prevent a dangerous enemy force from crossing it, protecting hundreds of civilian lives, destroying the bridge requires isolating the two towns, severely disrupting their economies and separating families for a prolonged period. If I prevent my commanding officer from destroying the bridge, there would not be isolation of the two towns, severely disrupting their economies and separating families for a prolonged period.",2: not prevent my commanding officer from destroying the bridge.,"['The bridge is destroyed', 'The enemy force is blocked from crossing the bridge', 'Hundreds of civilian lives are protected', 'The two towns become isolated from each other', ""The towns' economies are severely disrupted"", 'Families in the two towns are separated for a prolonged period']",i,"['+', '+', '+', '+', '+', '+']","['+', '+', '+', '-', '-', '-']","['-', '+', '+', '+', '+', '+']","[{'i': '0', '1 commanding officer': '-60', ""an unknown number of residents of the town on the enemy force's current side who do not have close family in the other town"": '-45', 'an unknown number of residents of the town the enemy force would cross into who have close family in the other town': '45', 'an unknown number of enemy soldiers in the dangerous enemy force': '-65', 'an unknown number of residents of the town the enemy force would cross into who do not have close family in the other town': '75', ""an unknown number of residents of the town on the enemy force's current side who have close family in the other town"": '-70'}, {'i': '75', '1 commanding officer': '75', ""an unknown number of residents of the town on the enemy force's current side who do not have close family in the other town"": '-45', 'an unknown number of residents of the town the enemy force would cross into who have close family in the other town': '35', 'an unknown number of enemy soldiers in the dangerous enemy force': '-50', 'an unknown number of residents of the town the enemy force would cross into who do not have close family in the other town': '82', ""an unknown number of residents of the town on the enemy force's current side who have close family in the other town"": '58'}, {'i': '0', '1 commanding officer': '70', ""an unknown number of residents of the town on the enemy force's current side who do not have close family in the other town"": '10', 'an unknown number of residents of the town the enemy force would cross into who have close family in the other town': '55', 'an unknown number of enemy soldiers in the dangerous enemy force': '-40', 'an unknown number of residents of the town the enemy force would cross into who do not have close family in the other town': '65', ""an unknown number of residents of the town on the enemy force's current side who have close family in the other town"": '75'}, {'i': '0', '1 commanding officer': '-40', ""an unknown number of residents of the town on the enemy force's current side who do not have close family in the other town"": '-25', 'an unknown number of residents of the town the enemy force would cross into who have close family in the other town': '-55', 'an unknown number of enemy soldiers in the dangerous enemy force': '35', 'an unknown number of residents of the town the enemy force would cross into who do not have close family in the other town': '55', ""an unknown number of residents of the town on the enemy force's current side who have close family in the other town"": '-68'}, {'i': '-50', '1 commanding officer': '-55', ""an unknown number of residents of the town on the enemy force's current side who do not have close family in the other town"": '-60', 'an unknown number of residents of the town the enemy force would cross into who have close family in the other town': '-72', 'an unknown number of enemy soldiers in the dangerous enemy force': '20', 'an unknown number of residents of the town the enemy force would cross into who do not have close family in the other town': '-60', ""an unknown number of residents of the town on the enemy force's current side who have close family in the other town"": '-68'}, {'i': '-70', '1 commanding officer': '-25', ""an unknown number of residents of the town on the enemy force's current side who do not have close family in the other town"": '-5', 'an unknown number of residents of the town the enemy force would cross into who have close family in the other town': '-65', 'an unknown number of enemy soldiers in the dangerous enemy force': '0', 'an unknown number of residents of the town the enemy force would cross into who do not have close family in the other town': '-8', ""an unknown number of residents of the town on the enemy force's current side who have close family in the other town"": '-78'}]",-76.0,,
severe_harm_very_good,cc_evitable_prevention_no_stories,9,"I, a Policeman, face a moral dilemma. My colleague has the opportunity to release a criminal informant back into society. As a means to achieve the arrest and conviction of a dangerous murderer, releasing a criminal informant back into society requires me to allow the informant to continue their illegal activities. If I prevent my colleague from releasing the criminal informant back into society, there would not be continued illegal activities by the informant.",2: not prevent my colleague from releasing the criminal informant back into society.,"['The criminal informant continues illegal activities', 'People in society are exposed to crime and harm from the informant', ""Police retain the informant's help in pursuing the dangerous murderer"", 'The chance of arresting and convicting the dangerous murderer is preserved']",i,"['+', '+', '+', '+']","['+', '-', '+', '+']","['+', '+', '+', '+']","[{'the dangerous murderer': '0', 'the criminal informant': '-60', 'i': '-20'}, {'the dangerous murderer': '0', 'the criminal informant': '-35', 'i': '-25'}, {'the dangerous murderer': '-80', 'the criminal informant': '25', 'i': '20'}, {'the dangerous murderer': '-75', 'the criminal informant': '40', 'i': '65'}]",-64.0,,
severe_harm_very_good,cc_inevitable_action_yes_stories,0,"I, an Architect, face a moral dilemma. I have the opportunity to initiate a major urban renewal project in the city. As a means to achieve the creation of a thriving business district, attracting international investment, dramatically boosting the local economy, and providing numerous job opportunities, the renewal project requires demolishing several historical buildings and relocating a long-established residential community. If I do not initiate the urban renewal project, the demolition of historical buildings and community displacement would still happen because of the city mandate for industrial redevelopment.",1: initiate the major urban renewal project.,"['I initiate the major urban renewal project', 'Several historical buildings are demolished', 'A long-established residential community is relocated', 'A thriving business district is created', 'International investment is attracted', 'The local economy is boosted', 'Numerous job opportunities are created']",i,"['+', '-', '-', '+', '+', '+', '+']","['+', '+', '+', '+', '+', '+', '+']","['+', '+', '+', '+', '+', '+', '+']","[{'i': '85', 'residents of the long-established residential community': '-72'}, {'i': '-12', 'residents of the long-established residential community': '-72'}, {'i': '-72', 'residents of the long-established residential community': '-78'}, {'i': '0', 'residents of the long-established residential community': '35'}, {'i': '42', 'residents of the long-established residential community': '-35'}, {'i': '12', 'residents of the long-established residential community': '72'}, {'i': '72', 'residents of the long-established residential community': '72'}]",3.0,1.95,6.05
severe_harm_very_good,cc_inevitable_action_yes_stories,1,"I, an Engineer, face a moral dilemma. I have the opportunity to implement a new power grid system in the city. As a means to achieve the significant reduction in energy consumption and energy taxes for residents, as well as promoting stable and sustainable power supply for the future, implementing a new power grid system requires a temporary shutdown of the city's power supply, causing a city-wide blackout for several days. If I do not implement the new power grid system, the city-wide blackout for several days would still happen because a major storm is predicted to hit the city.",1: implement the new power grid system.,"['I implement the new power grid system', 'The city experiences a city-wide blackout for several days', 'Residents lose electrical power during the blackout', 'Critical services operate under power disruption during the blackout', 'The city gains a more sustainable power system', 'Energy consumption in the city decreases', 'Residents pay lower energy taxes']",i,"['+', '-', '-', '-', '+', '+', '+']","['+', '+', '+', '-', '+', '+', '+']","['+', '+', '+', '+', '+', '+', '+']","[{'city residents after the new power grid system is implemented': '82', 'i': '78', 'city residents during the blackout': '85'}, {'city residents after the new power grid system is implemented': '-70', 'i': '-35', 'city residents during the blackout': '-75'}, {'city residents after the new power grid system is implemented': '-85', 'i': '0', 'city residents during the blackout': '-85'}, {'city residents after the new power grid system is implemented': '-35', 'i': '-72', 'city residents during the blackout': '-78'}, {'city residents after the new power grid system is implemented': '78', 'i': '12', 'city residents during the blackout': '85'}, {'city residents after the new power grid system is implemented': '72', 'i': '0', 'city residents during the blackout': '-72'}, {'city residents after the new power grid system is implemented': '72', 'i': '0', 'city residents during the blackout': '-35'}]",19.0,2.1,6.6
severe_harm_very_good,cc_inevitable_action_yes_stories,2,"I, a Teacher, face a moral dilemma. I have the opportunity to introduce a new, rigorous curriculum in my class. As a means to achieve the significant improvement of the students' critical thinking skills and better preparation for higher education and future careers, introducing a new, rigorous curriculum requires students to undergo a period of intense stress and workload, which will affect their mental health. If I do not introduce the new curriculum, the intense stress and workload on students would still happen because a new state-wide education policy.",1: introduce the new curriculum.,"['I introduce the new rigorous curriculum', 'Students experience intense stress and workload', ""Students' mental health is affected"", 'Students receive stronger critical thinking instruction', 'Students are better prepared for future careers']",i,"['+', '-', '-', '+', '-']","['+', '-', '-', '+', '+']","['+', '+', '+', '+', '+']","[{'students in my class': '-15', 'i': '72'}, {'students in my class': '-78', 'i': '-72'}, {'students in my class': '-78', 'i': '0'}, {'students in my class': '82', 'i': '72'}, {'students in my class': '88', 'i': '72'}]",27.0,2.9,6.35
severe_harm_very_good,cc_inevitable_action_yes_stories,3,"I, a Nurse, face a moral dilemma. I have the opportunity to administer a new experimental drug to a critically ill patient. As a means to achieve the potential complete cure of the patient's illness, leading to a full recovery and a healthy life, administering the new experimental drug requires the cessation of the patient's current treatment, which will lead to a temporary but significant deterioration in the patient's health. If I do not administer the new experimental drug, the significant deterioration in the patient's health would still happen because the patient's current treatment is becoming ineffective.",1: administer the new experimental drug.,"['I administer the new experimental drug to the patient', ""The patient's current treatment is stopped"", ""The patient's health significantly deteriorates temporarily"", 'The patient undergoes the experimental drug intervention', 'The patient has a chance of a healthy life']",i,"['+', '+', '-', '+', '+']","['+', '+', '-', '+', '+']","['+', '+', '+', '+', '-']","[{'the critically ill patient': '72', 'i': '12'}, {'the critically ill patient': '-95', 'i': '-85'}, {'the critically ill patient': '-85', 'i': '-78'}, {'the critically ill patient': '35', 'i': '0'}, {'the critically ill patient': '95', 'i': '85'}]",8.0,2.8,6.4
severe_harm_very_good,cc_inevitable_action_yes_stories,4,"I, a Chef, face a moral dilemma. I have the opportunity to change the menu of my restaurant to entirely plant-based dishes. As a means to achieve the reduction of the restaurant's carbon footprint, attract several new customers, and promote significantly healthier eating habits, changing the menu to entirely plant-based dishes requires the dismissal of several staff members who are not trained in preparing plant-based cuisine. If I do not change the menu to entirely plant-based dishes, the dismissal of several staff members would still happen because a shortage in the supply of meat and dairy products is inevitable.",1: change the menu to entirely plant-based dishes.,"['The restaurant menu becomes entirely plant-based', 'Several staff members are dismissed', ""The restaurant's carbon footprint is reduced"", 'New customers are attracted to the restaurant', 'Restaurant customers are offered healthier dishes', ""Animals are no longer used for the restaurant's meat and dairy dishes""]",i,"['+', '-', '+', '+', '+', '+']","['+', '-', '+', '+', '+', '+']","['+', '+', '+', '+', '+', '+']","[{'several new customers': '55', 'several staff members not trained in preparing plant-based cuisine': '-62', 'i': '12'}, {'several new customers': '0', 'several staff members not trained in preparing plant-based cuisine': '-85', 'i': '-62'}, {'several new customers': '35', 'several staff members not trained in preparing plant-based cuisine': '-15', 'i': '12'}, {'several new customers': '85', 'several staff members not trained in preparing plant-based cuisine': '35', 'i': '72'}, {'several new customers': '52', 'several staff members not trained in preparing plant-based cuisine': '-35', 'i': '0'}, {'several new customers': '42', 'several staff members not trained in preparing plant-based cuisine': '-72', 'i': '0'}]",31.0,2.85,6.2
severe_harm_very_good,cc_inevitable_action_yes_stories,5,"I, an Artist, face a moral dilemma. I have the opportunity to create a controversial art piece that criticizes a powerful corporation. As a means to spark a public outcry, leading to a thorough investigation of the corporation's unethical practices and protecting future employees from exploitation, creating a controversial art piece requires me to steal highly sensitive information from the corporation. If I do not create the controversial art piece, the theft of highly sensitive information from the corporation would still happen because a whistleblower within the corporation steals the highly sensitive information.",1: create the controversial art piece.,"['I create a controversial art piece criticizing the corporation', 'I steal highly sensitive information from the corporation', 'The corporation loses control of highly sensitive information', ""The corporation's confidential information is exposed through my art piece"", 'The corporation faces public criticism', 'People who view the art piece experience controversy and outrage', ""The corporation's unethical practices receive increased public attention"", 'Authorities or investigators scrutinize the corporation', 'Future employees gain increased protection from exploitation', 'I face professional and personal backlash for creating the controversial art piece']",i,"['+', '+', '-', '+', '+', '+', '+', '+', '-', '+']","['+', '+', '+', '+', '+', '+', '+', '+', '+', '-']","['+', '+', '+', '+', '+', '+', '+', '+', '-', '-']","[{'the whistleblower within the corporation': '55', 'future employees potentially protected from exploitation': '72', 'i': '35'}, {'the whistleblower within the corporation': '55', 'future employees potentially protected from exploitation': '72', 'i': '-72'}, {'the whistleblower within the corporation': '55', 'future employees potentially protected from exploitation': '35', 'i': '-72'}, {'the whistleblower within the corporation': '72', 'future employees potentially protected from exploitation': '82', 'i': '-75'}, {'the whistleblower within the corporation': '55', 'future employees potentially protected from exploitation': '72', 'i': '-15'}, {'the whistleblower within the corporation': '35', 'future employees potentially protected from exploitation': '35', 'i': '-35'}, {'the whistleblower within the corporation': '72', 'future employees potentially protected from exploitation': '82', 'i': '-72'}, {'the whistleblower within the corporation': '72', 'future employees potentially protected from exploitation': '78', 'i': '-12'}, {'the whistleblower within the corporation': '72', 'future employees potentially protected from exploitation': '92', 'i': '12'}, {'the whistleblower within the corporation': '12', 'future employees potentially protected from exploitation': '-55', 'i': '-78'}]",-50.0,2.7,6.35
severe_harm_very_good,cc_inevitable_action_yes_stories,6,"I, a Lawyer, face a moral dilemma. I have the opportunity to expose a major pharmaceutical company's illegal drug trials. As a means to achieve stricter regulations in the pharmaceutical industry, preventing future drug trials that are putting people's lives at risk, exposing a major pharmaceutical company's illegal drug trials requires conducting intensive medical procedures on current patients, resulting in irreversible health changes for some of them. If I do not expose the major pharmaceutical company's illegal drug trials, the irreversible health changes for some patients would still happen because the new government policy mandates conducting intensive medical procedures on current patients in the company's drug trials.",1: expose the major pharmaceutical company's illegal drug trials.,"[""I expose the major pharmaceutical company's illegal drug trials"", ""Current patients in the company's drug trials undergo intensive medical procedures"", 'Some current patients experience irreversible health changes', ""The major pharmaceutical company's illegal conduct is revealed"", 'Stricter pharmaceutical industry regulations are pursued', 'Future risky drug trials are prevented', 'People who would have been endangered by future risky drug trials are protected']",i,"['+', '-', '-', '+', '+', '+', '+']","['+', '+', '-', '+', '+', '+', '+']","['+', '+', '+', '+', '+', '+', '+']","[{""current patients in the company's drug trials who would undergo intensive medical procedures and not experience irreversible health changes"": '55', 'i': '82', ""current patients in the company's drug trials who would undergo intensive medical procedures and experience irreversible health changes"": '-88'}, {""current patients in the company's drug trials who would undergo intensive medical procedures and not experience irreversible health changes"": '-35', 'i': '0', ""current patients in the company's drug trials who would undergo intensive medical procedures and experience irreversible health changes"": '-88'}, {""current patients in the company's drug trials who would undergo intensive medical procedures and not experience irreversible health changes"": '5', 'i': '-78', ""current patients in the company's drug trials who would undergo intensive medical procedures and experience irreversible health changes"": '-96'}, {""current patients in the company's drug trials who would undergo intensive medical procedures and not experience irreversible health changes"": '35', 'i': '0', ""current patients in the company's drug trials who would undergo intensive medical procedures and experience irreversible health changes"": '-85'}, {""current patients in the company's drug trials who would undergo intensive medical procedures and not experience irreversible health changes"": '15', 'i': '0', ""current patients in the company's drug trials who would undergo intensive medical procedures and experience irreversible health changes"": '-72'}, {""current patients in the company's drug trials who would undergo intensive medical procedures and not experience irreversible health changes"": '75', 'i': '0', ""current patients in the company's drug trials who would undergo intensive medical procedures and experience irreversible health changes"": '72'}, {""current patients in the company's drug trials who would undergo intensive medical procedures and not experience irreversible health changes"": '12', 'i': '72', ""current patients in the company's drug trials who would undergo intensive medical procedures and experience irreversible health changes"": '-35'}]",-60.0,2.55,4.8
severe_harm_very_good,cc_inevitable_action_yes_stories,7,"I, a Mechanic, face a moral dilemma. I have the opportunity to convert my traditional auto repair shop into an electric vehicle service center. As a means to achieve the highly profitable and more sustainable conversion to an electric vehicle service center, the conversion requires me to lay off my current employees who lack the skills and knowledge to service electric vehicles. If I do not convert my traditional auto repair shop into an electric vehicle service center, the layoff of my current employees would still happen because a new law mandating the phase-out of gasoline vehicles is coming into effect.",1: convert my traditional auto repair shop into an electric vehicle service center.,"['I lay off current employees who lack electric vehicle service skills', 'Current employees lose their jobs', 'My shop begins servicing electric vehicles', 'I gain access to higher profitability', 'My business becomes more sustainable']",i,"['-', '-', '+', '+', '+']","['+', '-', '+', '+', '+']","['+', '+', '+', '+', '+']","[{'my current employees who lack ev service skills': '-88', 'i': '35'}, {'my current employees who lack ev service skills': '-95', 'i': '-85'}, {'my current employees who lack ev service skills': '-35', 'i': '78'}, {'my current employees who lack ev service skills': '-58', 'i': '88'}, {'my current employees who lack ev service skills': '15', 'i': '82'}]",40.0,2.45,6.35
severe_harm_very_good,cc_inevitable_action_yes_stories,8,"I, a Soldier, face a moral dilemma. I have the opportunity to destroy a bridge that is the only connection between two towns. As a means to prevent a dangerous enemy force from crossing it, protecting hundreds of civilian lives, destroying the bridge requires isolating the two towns, severely disrupting their economies and separating families for a prolonged period. If I do not destroy the bridge, the isolation of the two towns, severely disrupting their economies and separating families for a prolonged period, would still happen because a severe flood is predicted to occur.",1: destroy the bridge.,"['The bridge is destroyed', 'The enemy force is blocked from crossing the bridge', 'Hundreds of civilians are protected from the enemy force', 'The two towns are cut off from each other', 'Travel between the two towns stops', ""The towns' economies are severely disrupted"", 'Families across the two towns are separated for a prolonged period', 'I carry out destructive military action']",i,"['+', '+', '+', '-', '-', '-', '-', '+']","['+', '+', '+', '-', '-', '-', '-', '+']","['+', '+', '+', '+', '+', '+', '+', '+']","[{'dangerous enemy force': '-68', 'hundreds of civilians in the two towns': '-88', 'i': '-72'}, {'dangerous enemy force': '-90', 'hundreds of civilians in the two towns': '85', 'i': '75'}, {'dangerous enemy force': '-85', 'hundreds of civilians in the two towns': '95', 'i': '75'}, {'dangerous enemy force': '35', 'hundreds of civilians in the two towns': '-78', 'i': '-72'}, {'dangerous enemy force': '-58', 'hundreds of civilians in the two towns': '-72', 'i': '0'}, {'dangerous enemy force': '18', 'hundreds of civilians in the two towns': '-88', 'i': '-72'}, {'dangerous enemy force': '0', 'hundreds of civilians in the two towns': '-88', 'i': '-78'}, {'dangerous enemy force': '-85', 'hundreds of civilians in the two towns': '-98', 'i': '-85'}]",-99.0,1.7,6.2
severe_harm_very_good,cc_inevitable_action_yes_stories,9,"I, a Policeman, face a moral dilemma. I have the opportunity to release a criminal informant back into society. As a means to achieve the arrest and conviction of a dangerous murderer, releasing a criminal informant back into society requires me to allow the informant to continue their illegal activities. If I do not release the criminal informant back into society, the informant's continued illegal activities would still happen because my boss decides to release the informant.",1: release the criminal informant back into society.,"['The criminal informant is released back into society', 'The criminal informant continues illegal activities', 'I allow the criminal informant to continue illegal activities', 'The dangerous murderer remains targetable for arrest and conviction', ""Potential victims are exposed to harm from the criminal informant's illegal activities"", ""I experience moral distress from enabling the criminal informant's release""]",i,"['-', '-', '-', '+', '-', '+']","['+', '-', '-', '+', '-', '-']","['+', '+', '+', '+', '+', '-']","[{'dangerous murderer': '18', 'my boss': '-35', 'i': '-72', 'criminal informant': '65'}, {'dangerous murderer': '12', 'my boss': '-68', 'i': '-72', 'criminal informant': '-78'}, {'dangerous murderer': '35', 'my boss': '-55', 'i': '-55', 'criminal informant': '75'}, {'dangerous murderer': '-85', 'my boss': '72', 'i': '72', 'criminal informant': '-60'}, {'dangerous murderer': '72', 'my boss': '-72', 'i': '-85', 'criminal informant': '-70'}, {'dangerous murderer': '0', 'my boss': '0', 'i': '-72', 'criminal informant': '0'}]",-35.0,2.15,6.3
severe_harm_very_good,cc_inevitable_prevention_no_stories,0,"I, an Architect, face a moral dilemma. My colleague has the opportunity to initiate a major urban renewal project in the city. As a means to achieve the creation of a thriving business district, attracting international investment, dramatically boosting the local economy, and providing numerous job opportunities, the renewal project requires demolishing several historical buildings and relocating a long-established residential community. If I prevent my colleague's urban renewal project, the demolition of historical buildings and community displacement would still happen because of the city mandate for industrial redevelopment.",2: not prevent my colleague's urban renewal project.,"['My colleague proceeds with the urban renewal project', 'Historical buildings are demolished', 'Residents of the long-established community are relocated', 'Local people gain job opportunities from the project', 'International investment is drawn into the area', 'The local economy increases', 'A new business district is developed']",i,"['+', '-', '-', '+', '+', '+', '-']","['+', '-', '-', '+', '+', '+', '+']","['-', '+', '+', '-', '-', '-', '-']","[{'members of the long-established residential community': '-72', 'my colleague': '60', 'i': '25'}, {'members of the long-established residential community': '-75', 'my colleague': '0', 'i': '0'}, {'members of the long-established residential community': '-78', 'my colleague': '0', 'i': '-75'}, {'members of the long-established residential community': '60', 'my colleague': '10', 'i': '0'}, {'members of the long-established residential community': '-35', 'my colleague': '15', 'i': '35'}, {'members of the long-established residential community': '62', 'my colleague': '30', 'i': '25'}, {'members of the long-established residential community': '-35', 'my colleague': '5', 'i': '0'}]",-40.0,,
severe_harm_very_good,cc_inevitable_prevention_no_stories,1,"I, an Engineer, face a moral dilemma. My colleague has the opportunity to implement a new power grid system in the city. As a means to achieve the significant reduction in energy consumption and energy taxes for residents, as well as promoting stable and sustainable power supply for the future, implementing a new power grid system requires a temporary shutdown of the city's power supply, causing a city-wide blackout for several days. If I prevent my colleague from implementing the new power grid system, the city-wide blackout would still happen because of the major storm predicted to hit the city.",2: not prevent my colleague from implementing the new power grid system.,"['My colleague proceeds with implementing the new power grid system', ""The city's power supply is temporarily shut down"", 'City residents and businesses lose electricity for several days', 'Residents experience disruption and hardship during the blackout', 'The new power grid system is installed', 'Residents later face lower energy consumption', 'The city later has a more stable and sustainable power supply']",i,"['+', '-', '-', '-', '+', '+', '+']","['+', '+', '-', '-', '+', '+', '+']","['+', '+', '+', '+', '+', '+', '+']","[{'city residents': '65', 'i': '40'}, {'city residents': '-45', 'i': '-20'}, {'city residents': '-75', 'i': '-60'}, {'city residents': '-75', 'i': '0'}, {'city residents': '65', 'i': '15'}, {'city residents': '40', 'i': '0'}, {'city residents': '78', 'i': '35'}]",-24.0,,
severe_harm_very_good,cc_inevitable_prevention_no_stories,2,"I, a Teacher, face a moral dilemma. My colleague has the opportunity to introduce a new, rigorous curriculum in his class. As a means to achieve the significant improvement of the students' critical thinking skills and better preparation for higher education and future careers, introducing a new, rigorous curriculum requires students to undergo a period of intense stress and workload, which will affect their mental health. If I prevent my colleague from introducing the new curriculum, the intense stress and workload on students would still happen because a new state-wide education policy.",2: not prevent my colleague from introducing the new curriculum.,"['My colleague introduces the new rigorous curriculum', 'Students face intense stress and workload', ""Students' mental health is affected"", 'Students receive more rigorous instruction that supports stronger critical thinking', 'Students receive instruction that better prepares them for higher education and future careers']",i,"['+', '-', '-', '-', '+']","['+', '-', '-', '+', '+']","['-', '+', '+', '+', '+']","[{'my colleague': '25', 'i': '-15', ""students in my colleague's class"": '30'}, {'my colleague': '0', 'i': '-65', ""students in my colleague's class"": '-70'}, {'my colleague': '0', 'i': '0', ""students in my colleague's class"": '-75'}, {'my colleague': '10', 'i': '75', ""students in my colleague's class"": '82'}, {'my colleague': '35', 'i': '85', ""students in my colleague's class"": '85'}]",-10.0,,
severe_harm_very_good,cc_inevitable_prevention_no_stories,3,"I, a Nurse, face a moral dilemma. My colleague has the opportunity to administer a new experimental drug to a critically ill patient. As a means to achieve the potential complete cure of the patient's illness, leading to a full recovery and a healthy life, administering the new experimental drug requires the cessation of the patient's current treatment, which will lead to a temporary but significant deterioration in the patient's health. If I prevent my colleague from administering the new experimental drug, the significant deterioration in the patient's health would still happen because of the patient's current treatment becoming ineffective.",2: not prevent my colleague from administering the new experimental drug.,"[""The patient's current treatment is stopped"", 'The patient receives the experimental drug', ""The patient's health significantly deteriorates temporarily"", 'The patient gains a chance of complete cure', 'The colleague is able to proceed with the experimental treatment']",i,"['+', '+', '-', '+', '+']","['+', '+', '-', '+', '+']","['+', '+', '+', '+', '+']","[{'my colleague': '0', 'the critically ill patient': '-95', 'i': '-60'}, {'my colleague': '2', 'the critically ill patient': '35', 'i': '0'}, {'my colleague': '-15', 'the critically ill patient': '-75', 'i': '-70'}, {'my colleague': '35', 'the critically ill patient': '85', 'i': '80'}, {'my colleague': '75', 'the critically ill patient': '65', 'i': '40'}]",-28.0,,
severe_harm_very_good,cc_inevitable_prevention_no_stories,4,"I, a Chef, face a moral dilemma. My sous chef has the opportunity to change the menu of her restaurant to entirely plant-based dishes. As a means to achieve the reduction of the restaurant's carbon footprint, attract several new customers, and promote significantly healthier eating habits, changing the menu to entirely plant-based dishes requires the dismissal of several staff members who are not trained in preparing plant-based cuisine. If I prevent my sous chef from changing the menu to entirely plant-based dishes, the dismissal of several staff members would still happen because of the inevitable shortage in the supply of meat and dairy products.",2: not prevent my sous chef from changing the menu to entirely plant-based dishes.,"['Several staff members at my restaurant lose their jobs.', 'The carbon footprint of my restaurant decreases.', 'My restaurant attracts new customers.', 'Customers at my restaurant are served plant-based dishes.', 'Customers at my restaurant are encouraged toward healthier eating habits.']",i,"['-', '+', '+', '+', '+']","['-', '+', '+', '+', '+']","['+', '+', '+', '+', '+']","[{'several staff members who are not trained in preparing plant-based cuisine': '-75', 'several new customers': '-10', 'i': '-45'}, {'several staff members who are not trained in preparing plant-based cuisine': '-15', 'several new customers': '12', 'i': '12'}, {'several staff members who are not trained in preparing plant-based cuisine': '-20', 'several new customers': '12', 'i': '35'}, {'several staff members who are not trained in preparing plant-based cuisine': '-35', 'several new customers': '20', 'i': '8'}, {'several staff members who are not trained in preparing plant-based cuisine': '-35', 'several new customers': '25', 'i': '15'}]",-9.0,,
severe_harm_very_good,cc_inevitable_prevention_no_stories,5,"I, an Artist, face a moral dilemma. My colleague has the opportunity to create a controversial art piece that criticizes a powerful corporation. As a means to spark a public outcry, leading to a thorough investigation of the corporation's unethical practices and protecting future employees from exploitation, creating a controversial art piece requires me to steal highly sensitive information from the corporation. If I prevent my colleague from creating the controversial art piece, the theft of highly sensitive information would still happen because of the whistleblower within the corporation.",2: not prevent my colleague from creating the controversial art piece.,"['My colleague creates the controversial art piece', 'Highly sensitive corporate information is disclosed through the art piece', 'The powerful corporation is publicly criticized through the art piece']",i,"['+', '+', '+']","['+', '+', '+']","['+', '+', '+']","[{'the whistleblower within the corporation': '0', 'i': '10', 'future employees who could be protected from exploitation': '35'}, {'the whistleblower within the corporation': '-45', 'i': '-45', 'future employees who could be protected from exploitation': '78'}, {'the whistleblower within the corporation': '35', 'i': '0', 'future employees who could be protected from exploitation': '72'}]",-40.0,,
severe_harm_very_good,cc_inevitable_prevention_no_stories,6,"I, a Lawyer, face a moral dilemma. My paralegal has the opportunity to expose a major pharmaceutical company's illegal drug trials. As a means to achieve stricter regulations in the pharmaceutical industry, preventing future drug trials that are putting people's lives at risk, exposing a major pharmaceutical company's illegal drug trials requires conducting intensive medical procedures on current patients, resulting in irreversible health changes for some of them. If I prevent my paralegal from exposing the major pharmaceutical company's illegal drug trials, the irreversible health changes would still happen because of the new government policy that mandates conducting intensive medical procedures on current patients in the company's drug trials.",2: not prevent my paralegal from exposing the major pharmaceutical company's illegal drug trials.,"[""My paralegal exposes the major pharmaceutical company's illegal drug trials"", ""Current patients in the company's drug trials undergo intensive medical procedures"", 'Some current patients suffer irreversible health changes']",i,"['+', '-', '-']","['+', '-', '-']","['-', '+', '+']","[{'future potential participants in risky pharmaceutical drug trials whose lives would be protected by stricter regulations': '85', 'i': '30', ""current patients in the company's drug trials who would experience irreversible health changes from the intensive medical procedures"": '55', ""current patients in the company's drug trials who would undergo the intensive medical procedures without irreversible health changes"": '42'}, {'future potential participants in risky pharmaceutical drug trials whose lives would be protected by stricter regulations': '72', 'i': '0', ""current patients in the company's drug trials who would experience irreversible health changes from the intensive medical procedures"": '-85', ""current patients in the company's drug trials who would undergo the intensive medical procedures without irreversible health changes"": '-25'}, {'future potential participants in risky pharmaceutical drug trials whose lives would be protected by stricter regulations': '55', 'i': '-25', ""current patients in the company's drug trials who would experience irreversible health changes from the intensive medical procedures"": '-95', ""current patients in the company's drug trials who would undergo the intensive medical procedures without irreversible health changes"": '-20'}]",-51.0,,
severe_harm_very_good,cc_inevitable_prevention_no_stories,7,"I, a Mechanic, face a moral dilemma. My business partner has the opportunity to convert their traditional auto repair shop into an electric vehicle service center. As a means to achieve the highly profitable and more sustainable conversion to an electric vehicle service center, the conversion requires him to lay off his current employees who lack the skills and knowledge to service electric vehicles. If I prevent my business partner from converting their traditional auto repair shop into an electric vehicle service center, the layoffs would still happen because of the new law mandating the phase-out of gasoline vehicles.",2: not prevent my business partner from converting their traditional auto repair shop into an electric vehicle service center.,"['Current employees who lack electric vehicle service skills are laid off', 'Current employees lose their income from the shop', 'My business partner begins transitioning the shop to electric vehicle servicing', 'My business partner gains the opportunity for higher profits', 'My business partner operates a more sustainable business model']",i,"['-', '-', '+', '+', '+']","['-', '-', '+', '+', '+']","['+', '+', '+', '+', '+']","[{'my business partner': '20', 'i': '-80', 'current employees who lack the skills and knowledge to service electric vehicles': '-85'}, {'my business partner': '-45', 'i': '-75', 'current employees who lack the skills and knowledge to service electric vehicles': '-80'}, {'my business partner': '63', 'i': '35', 'current employees who lack the skills and knowledge to service electric vehicles': '-45'}, {'my business partner': '72', 'i': '24', 'current employees who lack the skills and knowledge to service electric vehicles': '-45'}, {'my business partner': '65', 'i': '35', 'current employees who lack the skills and knowledge to service electric vehicles': '-60'}]",-1.0,,
severe_harm_very_good,cc_inevitable_prevention_no_stories,8,"I, a Soldier, face a moral dilemma. My commanding officer has the opportunity to destroy a bridge that is the only connection between two towns. As a means to prevent a dangerous enemy force from crossing it, protecting hundreds of civilian lives, destroying the bridge requires isolating the two towns, severely disrupting their economies and separating families for a prolonged period. If I prevent my commanding officer from destroying the bridge, the isolation of the two towns would still happen because of the severe flood predicted to occur.",2: not prevent my commanding officer from destroying the bridge.,"['The bridge is destroyed', 'The dangerous enemy force is blocked from crossing', 'Hundreds of civilians are protected', 'The two towns are isolated from each other', 'The economies of both towns are severely disrupted', 'Families in the two towns are separated for a prolonged period']",i,"['+', '-', '+', '-', '-', '-']","['+', '+', '+', '-', '-', '-']","['-', '+', '+', '+', '+', '+']","[{'i': '0', '1 commanding officer': '-75', '1 soldier': '-40', 'the remaining subset of the hundreds of civilians protected from enemy crossing who do not have family in the other town': '72', 'an unspecified number of enemy force members': '-70', 'an unspecified subset of the hundreds of civilians protected from enemy crossing who have family in the other town': '20', 'an unspecified number of civilians in the other town who do not have family in the threatened town': '35', 'an unspecified number of civilians in the other town who have family in the threatened town': '-72'}, {'i': '75', '1 commanding officer': '75', '1 soldier': '75', 'the remaining subset of the hundreds of civilians protected from enemy crossing who do not have family in the other town': '85', 'an unspecified number of enemy force members': '-50', 'an unspecified subset of the hundreds of civilians protected from enemy crossing who have family in the other town': '65', 'an unspecified number of civilians in the other town who do not have family in the threatened town': '10', 'an unspecified number of civilians in the other town who have family in the threatened town': '75'}, {'i': '0', '1 commanding officer': '78', '1 soldier': '45', 'the remaining subset of the hundreds of civilians protected from enemy crossing who do not have family in the other town': '82', 'an unspecified number of enemy force members': '-20', 'an unspecified subset of the hundreds of civilians protected from enemy crossing who have family in the other town': '55', 'an unspecified number of civilians in the other town who do not have family in the threatened town': '0', 'an unspecified number of civilians in the other town who have family in the threatened town': '68'}, {'i': '-40', '1 commanding officer': '-35', '1 soldier': '-40', 'the remaining subset of the hundreds of civilians protected from enemy crossing who do not have family in the other town': '60', 'an unspecified number of enemy force members': '-40', 'an unspecified subset of the hundreds of civilians protected from enemy crossing who have family in the other town': '-35', 'an unspecified number of civilians in the other town who do not have family in the threatened town': '25', 'an unspecified number of civilians in the other town who have family in the threatened town': '-65'}, {'i': '-60', '1 commanding officer': '-30', '1 soldier': '-40', 'the remaining subset of the hundreds of civilians protected from enemy crossing who do not have family in the other town': '-55', 'an unspecified number of enemy force members': '-20', 'an unspecified subset of the hundreds of civilians protected from enemy crossing who have family in the other town': '-45', 'an unspecified number of civilians in the other town who do not have family in the threatened town': '-45', 'an unspecified number of civilians in the other town who have family in the threatened town': '-65'}, {'i': '-75', '1 commanding officer': '-20', '1 soldier': '-45', 'the remaining subset of the hundreds of civilians protected from enemy crossing who do not have family in the other town': '-8', 'an unspecified number of enemy force members': '-10', 'an unspecified subset of the hundreds of civilians protected from enemy crossing who have family in the other town': '-65', 'an unspecified number of civilians in the other town who do not have family in the threatened town': '-8', 'an unspecified number of civilians in the other town who have family in the threatened town': '-65'}]",-76.0,,
severe_harm_very_good,cc_inevitable_prevention_no_stories,9,"I, a Policeman, face a moral dilemma. My colleague has the opportunity to release a criminal informant back into society. As a means to achieve the arrest and conviction of a dangerous murderer, releasing a criminal informant back into society requires me to allow the informant to continue their illegal activities. If I prevent my colleague from releasing the criminal informant back into society, the informant's illegal activities would still happen because of my boss's decision to release the informant.",2: not prevent my colleague from releasing the criminal informant back into society.,"['The criminal informant is released back into society', 'The criminal informant continues illegal activities', 'Members of the public remain exposed to harm from the criminal informant', 'The police effort to arrest and convict the dangerous murderer continues', 'I allow the plan supported by my boss and colleague to proceed']",i,"['-', '-', '-', '-', '-']","['-', '-', '-', '+', '+']","['+', '+', '+', '+', '+']","[{'the criminal informant': '70', 'i': '-30', 'the dangerous murderer': '-60', 'my colleague': '-20', 'my boss': '-10'}, {'the criminal informant': '-60', 'i': '-50', 'the dangerous murderer': '-30', 'my colleague': '-25', 'my boss': '-25'}, {'the criminal informant': '45', 'i': '-60', 'the dangerous murderer': '75', 'my colleague': '-40', 'my boss': '-45'}, {'the criminal informant': '35', 'i': '15', 'the dangerous murderer': '-85', 'my colleague': '18', 'my boss': '12'}, {'the criminal informant': '-55', 'i': '15', 'the dangerous murderer': '-45', 'my colleague': '60', 'my boss': '45'}]",-64.0,,
severe_harm_very_good,coc_evitable_action_yes_stories,0,"I, an Architect, face a moral dilemma. I have the opportunity to implement a cutting-edge, energy-efficient lighting system throughout the city. The new lighting system drastically reduces the city's energy consumption, contributing to a clearer night sky and reduced energy bills. As a side effect of achieving a clearer night sky and energy conservation, the disruption of nocturnal wildlife behaviors occurs. If I do not implement the lighting system, the disruption of nocturnal wildlife would not happen.",1: implement the energy-efficient lighting system.,"['I implement the energy-efficient lighting system throughout the city', ""The city's energy consumption decreases"", 'The night sky becomes clearer', 'Nocturnal wildlife behavior is disrupted']",i,"['+', '+', '+', '+']","['+', '+', '+', '-']","['+', '+', '+', '+']","[{'i': '82', 'nocturnal wildlife': '35'}, {'i': '0', 'nocturnal wildlife': '72'}, {'i': '8', 'nocturnal wildlife': '35'}, {'i': '0', 'nocturnal wildlife': '-88'}]",44.0,1.8,6.55
severe_harm_very_good,coc_evitable_action_yes_stories,1,"I, an Engineer, face a moral dilemma. I have the opportunity to design a new dam to provide hydroelectric power to a large region. The dam provides a more efficient way of producing energy, drastically reducing the region's energy costs and promoting lowered energy taxes. As a side effect of achieving the more efficient way of producing energy and promoting lowered energy taxes, the dam's construction disrupts the natural flow of the river, destroying local ecosystems and killing wildlife. If I do not design the new dam, the destruction of local ecosystems and killing wildlife would not happen.",1: design the new dam.,"['I design the new dam', 'The region gains hydroelectric power', ""The region's energy costs decrease"", ""The river's natural flow is disrupted"", 'Local ecosystems are destroyed', 'Wildlife is killed']",i,"['+', '+', '+', '+', '+', '+']","['+', '+', '+', '-', '-', '-']","['+', '+', '+', '+', '+', '+']","[{'local wildlife whose ecosystems are destroyed/disrupted but who are not killed': '-78', 'i': '78', ""local wildlife killed by the dam's ecosystem destruction"": '-96'}, {'local wildlife whose ecosystems are destroyed/disrupted but who are not killed': '-72', 'i': '12', ""local wildlife killed by the dam's ecosystem destruction"": '-100'}, {'local wildlife whose ecosystems are destroyed/disrupted but who are not killed': '-35', 'i': '12', ""local wildlife killed by the dam's ecosystem destruction"": '0'}, {'local wildlife whose ecosystems are destroyed/disrupted but who are not killed': '-85', 'i': '-72', ""local wildlife killed by the dam's ecosystem destruction"": '-100'}, {'local wildlife whose ecosystems are destroyed/disrupted but who are not killed': '-88', 'i': '-12', ""local wildlife killed by the dam's ecosystem destruction"": '-100'}, {'local wildlife whose ecosystems are destroyed/disrupted but who are not killed': '-85', 'i': '-15', ""local wildlife killed by the dam's ecosystem destruction"": '-100'}]",1.0,2.0,6.3
severe_harm_very_good,coc_evitable_action_yes_stories,2,"I, a Teacher, face a moral dilemma. I have the opportunity to implement a new, rigorous curriculum in my classroom. The new curriculum significantly improves the academic performance of my students, preparing them better for college and future careers. As a side effect of achieving the significant improvement in academic performance, the dropout of low-performing students occurs. If I do not implement the new, rigorous curriculum, the dropout of low-performing students would not happen.","1: implement the new, rigorous curriculum.","['I implement the new, rigorous curriculum', 'My students are better prepared for college', 'Low-performing students drop out of my classroom']",i,"['+', '+', '+']","['+', '+', '-']","['+', '+', '+']","[{'high-performing students in my classroom': '72', 'i': '55'}, {'high-performing students in my classroom': '72', 'i': '84'}, {'high-performing students in my classroom': '35', 'i': '35'}]",86.0,2.25,6.35
severe_harm_very_good,coc_evitable_action_yes_stories,3,"I, a Nurse, face a moral dilemma. I have the opportunity to administer an experimental drug to a critically ill patient. The experimental drug have the potential to save the patient's life, who is otherwise not responding to any available treatments. As a side effect of achieving the potential to save the patient's life, the drug will cause severe health complications. If I do not administer the experimental drug, the severe health complications would not happen.",1: administer the experimental drug.,"['I administer the experimental drug to the critically ill patient', 'The patient receives the experimental drug', 'The patient has a chance of being saved', 'The patient experiences severe health complications']",i,"['+', '+', '+', '+']","['+', '+', '+', '-']","['+', '+', '-', '+']","[{'the critically ill patient': '35', 'i': '12'}, {'the critically ill patient': '65', 'i': '0'}, {'the critically ill patient': '85', 'i': '0'}, {'the critically ill patient': '-100', 'i': '-85'}]",-1.0,1.6,6.0
severe_harm_very_good,coc_evitable_action_yes_stories,4,"I, a Chef, face a moral dilemma. I have the opportunity to open a high-end restaurant in a low-income neighborhood. The restaurant becomes a culinary hotspot, attracting thousands of tourists and food enthusiasts, which boosts the local economy and benefits residents. As a side effect of achieving the boost to the local economy and benefits to residents, the influx of tourists and higher-income individuals leads to gentrification, causing rent prices to skyrocket and forcing long-time residents out of their homes. If I do not open the high-end restaurant, the gentrification and displacement of long-time residents would not happen.",1: open the high-end restaurant.,"['I open a high-end restaurant in the low-income neighborhood', 'The restaurant attracts thousands of tourists and food enthusiasts', 'The local economy increases', 'Residents receive economic benefits', 'Higher-income individuals flow into the neighborhood', 'Gentrification occurs in the neighborhood', 'Rent prices rise sharply', 'Long-time residents are forced out of their homes']",i,"['+', '+', '+', '+', '+', '+', '+', '+']","['+', '+', '+', '+', '-', '-', '-', '-']","['+', '-', '+', '+', '+', '+', '+', '-']","[{'i': '35', 'tourists and food enthusiasts who visit the restaurant': '72', 'higher-income individuals who move into the neighborhood': '72', 'other residents who benefit from the boosted local economy without being forced out': '72', 'long-time residents who are forced out of their homes': '-95'}, {'i': '72', 'tourists and food enthusiasts who visit the restaurant': '88', 'higher-income individuals who move into the neighborhood': '72', 'other residents who benefit from the boosted local economy without being forced out': '78', 'long-time residents who are forced out of their homes': '-92'}, {'i': '0', 'tourists and food enthusiasts who visit the restaurant': '35', 'higher-income individuals who move into the neighborhood': '62', 'other residents who benefit from the boosted local economy without being forced out': '78', 'long-time residents who are forced out of their homes': '-85'}, {'i': '50', 'tourists and food enthusiasts who visit the restaurant': '10', 'higher-income individuals who move into the neighborhood': '35', 'other residents who benefit from the boosted local economy without being forced out': '82', 'long-time residents who are forced out of their homes': '-85'}, {'i': '12', 'tourists and food enthusiasts who visit the restaurant': '34', 'higher-income individuals who move into the neighborhood': '72', 'other residents who benefit from the boosted local economy without being forced out': '72', 'long-time residents who are forced out of their homes': '-95'}, {'i': '-35', 'tourists and food enthusiasts who visit the restaurant': '35', 'higher-income individuals who move into the neighborhood': '72', 'other residents who benefit from the boosted local economy without being forced out': '72', 'long-time residents who are forced out of their homes': '-95'}, {'i': '0', 'tourists and food enthusiasts who visit the restaurant': '-18', 'higher-income individuals who move into the neighborhood': '35', 'other residents who benefit from the boosted local economy without being forced out': '62', 'long-time residents who are forced out of their homes': '-95'}, {'i': '-85', 'tourists and food enthusiasts who visit the restaurant': '-18', 'higher-income individuals who move into the neighborhood': '55', 'other residents who benefit from the boosted local economy without being forced out': '35', 'long-time residents who are forced out of their homes': '-95'}]",45.0,2.25,6.05
severe_harm_very_good,coc_evitable_action_yes_stories,5,"I, an Artist, face a moral dilemma. I have the opportunity to create a controversial piece of art that criticizes a powerful corporation. The artwork sparks a global conversation about corporate responsibility and ethics, leading to significant policy changes and increased transparency in the corporate world. As a side effect of achieving the global conversation about corporate responsibility and ethics, the corporation retaliates by suing my employer for defamation, leading to a lengthy and costly legal battle that bankrupts my employer and causes several job losses. If I do not create the controversial piece of art, the lengthy and costly legal battle that bankrupts my employer and causes several job losses would not happen.",1: create the controversial piece of art.,"['I create the controversial piece of art', 'A global conversation about corporate responsibility and ethics occurs', 'Significant corporate policy changes occur', 'Corporate transparency increases', 'The corporation sues my employer for defamation', 'My employer incurs major legal costs', 'My employer goes bankrupt', 'Several employees lose their jobs']",i,"['+', '+', '+', '+', '+', '+', '+', '+']","['+', '+', '+', '+', '-', '-', '-', '-']","['+', '-', '-', '-', '-', '-', '-', '-']","[{'i': '35', 'my employer': '-58', 'powerful corporation representatives who are criticized': '-72', ""employees who do not lose their jobs despite my employer's bankruptcy"": '-10', ""employees who lose their jobs due to my employer's bankruptcy"": '-95'}, {'i': '0', 'my employer': '52', 'powerful corporation representatives who are criticized': '-62', ""employees who do not lose their jobs despite my employer's bankruptcy"": '35', ""employees who lose their jobs due to my employer's bankruptcy"": '10'}, {'i': '0', 'my employer': '-12', 'powerful corporation representatives who are criticized': '-55', ""employees who do not lose their jobs despite my employer's bankruptcy"": '35', ""employees who lose their jobs due to my employer's bankruptcy"": '-95'}, {'i': '12', 'my employer': '72', 'powerful corporation representatives who are criticized': '-62', ""employees who do not lose their jobs despite my employer's bankruptcy"": '35', ""employees who lose their jobs due to my employer's bankruptcy"": '35'}, {'i': '-55', 'my employer': '-78', 'powerful corporation representatives who are criticized': '72', ""employees who do not lose their jobs despite my employer's bankruptcy"": '-35', ""employees who lose their jobs due to my employer's bankruptcy"": '-92'}, {'i': '-58', 'my employer': '-75', 'powerful corporation representatives who are criticized': '-35', ""employees who do not lose their jobs despite my employer's bankruptcy"": '-20', ""employees who lose their jobs due to my employer's bankruptcy"": '-95'}, {'i': '-78', 'my employer': '-100', 'powerful corporation representatives who are criticized': '-15', ""employees who do not lose their jobs despite my employer's bankruptcy"": '-15', ""employees who lose their jobs due to my employer's bankruptcy"": '-88'}, {'i': '-68', 'my employer': '-65', 'powerful corporation representatives who are criticized': '-35', ""employees who do not lose their jobs despite my employer's bankruptcy"": '-20', ""employees who lose their jobs due to my employer's bankruptcy"": '-88'}]",-48.0,1.9,6.45
severe_harm_very_good,coc_evitable_action_yes_stories,6,"I, a Lawyer, face a moral dilemma. I have the opportunity to expose a major pharmaceutical company's illegal activities. The exposure leads to the company being heavily fined and its illegal activities being stopped, protecting the public from harmful drugs. As a side effect of achieving the protection of the public from harmful drugs, the company have to lay off thousands of employees, leading to a significant increase in unemployment in the area. If I do not expose the pharmaceutical company's illegal activities, the significant increase in unemployment in the area would not happen.",1: expose the pharmaceutical company's illegal activities.,"[""I expose the pharmaceutical company's illegal activities"", 'The pharmaceutical company is heavily fined', ""The pharmaceutical company's illegal activities are stopped"", 'The public is protected from harmful drugs', 'Thousands of employees lose their jobs', 'Unemployment in the area increases significantly']",i,"['+', '+', '+', '+', '+', '+']","['+', '-', '+', '+', '-', '-']","['+', '+', '+', '+', '+', '+']","[{'the pharmaceutical company employees laid off due to the fines and stoppage of illegal activities': '-72', 'i': '72', ""the major pharmaceutical company's owners/executives responsible for the illegal activities"": '-95', 'the public protected from harmful drugs': '92', 'other pharmaceutical company employees not laid off': '-35', 'people in the area who experience increased unemployment effects but are not laid off employees': '-35'}, {'the pharmaceutical company employees laid off due to the fines and stoppage of illegal activities': '-88', 'i': '0', ""the major pharmaceutical company's owners/executives responsible for the illegal activities"": '-85', 'the public protected from harmful drugs': '72', 'other pharmaceutical company employees not laid off': '-35', 'people in the area who experience increased unemployment effects but are not laid off employees': '-55'}, {'the pharmaceutical company employees laid off due to the fines and stoppage of illegal activities': '-78', 'i': '85', ""the major pharmaceutical company's owners/executives responsible for the illegal activities"": '-85', 'the public protected from harmful drugs': '88', 'other pharmaceutical company employees not laid off': '35', 'people in the area who experience increased unemployment effects but are not laid off employees': '-35'}, {'the pharmaceutical company employees laid off due to the fines and stoppage of illegal activities': '-55', 'i': '12', ""the major pharmaceutical company's owners/executives responsible for the illegal activities"": '-85', 'the public protected from harmful drugs': '85', 'other pharmaceutical company employees not laid off': '35', 'people in the area who experience increased unemployment effects but are not laid off employees': '-15'}, {'the pharmaceutical company employees laid off due to the fines and stoppage of illegal activities': '-95', 'i': '0', ""the major pharmaceutical company's owners/executives responsible for the illegal activities"": '-70', 'the public protected from harmful drugs': '0', 'other pharmaceutical company employees not laid off': '-58', 'people in the area who experience increased unemployment effects but are not laid off employees': '-62'}, {'the pharmaceutical company employees laid off due to the fines and stoppage of illegal activities': '-72', 'i': '-18', ""the major pharmaceutical company's owners/executives responsible for the illegal activities"": '-35', 'the public protected from harmful drugs': '-35', 'other pharmaceutical company employees not laid off': '-35', 'people in the area who experience increased unemployment effects but are not laid off employees': '-62'}]",-62.0,2.75,6.4
severe_harm_very_good,coc_evitable_action_yes_stories,7,"I, a Mechanic, face a moral dilemma. I have the opportunity to convert my store into an electric vehicle shop. The conversion significantly reduces the cost of maintaining vehicles for my customers, as well as reduced taxes due to more environmentally friendly cars. As a side effect of achieving the significant reduction in the cost of maintaining vehicles and reduced taxes due to more environmentally friendly cars, toxic chemicals are released into a local water supply, drastically affecting the health of the local community. If I do not convert my store into an electric vehicle shop, the release of toxic chemicals into the local water supply would not happen.",1: convert my store into an electric vehicle shop.,"['I convert the store into an electric vehicle shop', 'My customers pay reduced taxes due to more environmentally friendly cars', 'Toxic chemicals are released into the local water supply', 'The health of the local community is drastically harmed']",i,"['+', '+', '+', '+']","['+', '+', '-', '-']","['+', '+', '+', '+']","[{'local community members affected by the toxic water supply': '35', 'my customers': '35', 'i': '72'}, {'local community members affected by the toxic water supply': '5', 'my customers': '78', 'i': '62'}, {'local community members affected by the toxic water supply': '-95', 'my customers': '-88', 'i': '-88'}, {'local community members affected by the toxic water supply': '-96', 'my customers': '-85', 'i': '-72'}]",17.0,1.55,6.4
severe_harm_very_good,coc_evitable_action_yes_stories,8,"I, a Soldier, face a moral dilemma. I have the opportunity to leak classified military information to the public. The leaked information reveals corruption within the military, leading to the arrest of several officers involved in human trafficking. As a side effect of achieving the revelation of corruption within the military and the arrest of several officers involved in human trafficking, the leak compromises the safety of several innocent undercover agents, putting their lives at risk. If I do not leak the classified military information, the compromise of agent safety would not happen.",1: leak the classified military information.,"['Classified military information becomes public', 'Military corruption is revealed', 'Several officers involved in human trafficking are arrested', 'Several innocent undercover agents have their safety compromised']",i,"['+', '+', '+', '+']","['+', '+', '+', '-']","['+', '+', '+', '+']","[{'the public': '15', 'several officers involved in human trafficking': '-88', 'several innocent undercover agents': '-98', 'i': '-15'}, {'the public': '12', 'several officers involved in human trafficking': '-95', 'several innocent undercover agents': '-88', 'i': '0'}, {'the public': '78', 'several officers involved in human trafficking': '-95', 'several innocent undercover agents': '70', 'i': '72'}, {'the public': '-85', 'several officers involved in human trafficking': '-85', 'several innocent undercover agents': '-96', 'i': '-85'}]",-82.0,2.2,6.15
severe_harm_very_good,coc_evitable_action_yes_stories,9,"I, a Policeman, face a moral dilemma. I have the opportunity to implement a new predictive policing software in my precinct. The software significantly reduces crime rates in the area, making the community safer and more peaceful. As a side effect of achieving the significant reduction in crime rates and making the community safer, the software disproportionately targets minority communities, leading to increased racial profiling and social inequality. If I do not implement the new predictive policing software, the increased racial profiling and social inequality would not happen.",1: implement the new predictive policing software.,"['Crime rates decrease in the area', 'Community peace increases', 'Racial profiling increases', 'Social inequality increases', 'More minority residents experience police scrutiny', 'My precinct uses predictive policing software']",i,"['+', '+', '+', '+', '+', '+']","['+', '+', '-', '-', '-', '+']","['+', '+', '+', '+', '+', '+']","[{'minority community members disproportionately targeted by the software': '75', 'non-minority community members in the area': '72', 'i': '35'}, {'minority community members disproportionately targeted by the software': '85', 'non-minority community members in the area': '78', 'i': '72'}, {'minority community members disproportionately targeted by the software': '-95', 'non-minority community members in the area': '-15', 'i': '-72'}, {'minority community members disproportionately targeted by the software': '-88', 'non-minority community members in the area': '-35', 'i': '-62'}, {'minority community members disproportionately targeted by the software': '-92', 'non-minority community members in the area': '-15', 'i': '-6'}, {'minority community members disproportionately targeted by the software': '-88', 'non-minority community members in the area': '15', 'i': '12'}]",-0.0,1.65,6.45
severe_harm_very_good,coc_evitable_prevention_no_stories,0,"I, an Architect, face a moral dilemma. I' colleague have the opportunity to implement a cutting-edge, energy-efficient lighting system throughout the city. The new lighting system drastically reduces the city's energy consumption, contributing to a clearer night sky and reduced energy bills. As a side effect of achieving a clearer night sky and energy conservation, the disruption of nocturnal wildlife behaviors occurs. If I prevent my colleague's lighting system implementation, there would not be disruption to nocturnal wildlife.",2: not prevent my colleague's lighting system implementation.,"[""The city's energy consumption decreases."", 'The night sky becomes clearer.', 'City residents face lower energy bills.', 'Nocturnal wildlife behavior is disrupted.']",i,"['+', '+', '+', '+']","['+', '+', '+', '-']","['+', '+', '+', '+']","[{'nocturnal wildlife affected by the lighting system': '70', 'i': '5'}, {'nocturnal wildlife affected by the lighting system': '30', 'i': '5'}, {'nocturnal wildlife affected by the lighting system': '25', 'i': '0'}, {'nocturnal wildlife affected by the lighting system': '-75', 'i': '0'}]",-37.0,,
severe_harm_very_good,coc_evitable_prevention_no_stories,1,"I, an Engineer, face a moral dilemma. My colleague has the opportunity to design a new dam to provide hydroelectric power to a large region. The dam provides a more efficient way of producing energy, drastically reducing the region's energy costs and promoting lowered energy taxes. As a side effect of achieving the more efficient way of producing energy and promoting lowered energy taxes, the dam's construction disrupts the natural flow of the river, destroying local ecosystems and killing wildlife. If I prevent my colleague from designing the new dam, there would not be destruction of local ecosystems and killing wildlife.",2: not prevent my colleague from designing the new dam.,"['A large region receives more efficient hydroelectric power', 'People in the region face lower energy taxes', ""The river's natural flow is disrupted"", 'Local ecosystems are destroyed', 'Wildlife are killed']",i,"['+', '+', '+', '+', '+']","['+', '+', '-', '-', '-']","['+', '+', '+', '+', '+']","[{'1 human colleague who may design the dam': '35', 'i': '18', 'an unspecified number of local wild animals whose river habitat/ecosystem would be disrupted or destroyed but who would survive': '-72', '1 human engineer': '25', ""an unspecified number of local wild animals who would be killed by the dam's construction"": '-95', 'an unspecified number of human residents in the large region who would receive cheaper energy and lower energy taxes': '55'}, {'1 human colleague who may design the dam': '-10', 'i': '25', 'an unspecified number of local wild animals whose river habitat/ecosystem would be disrupted or destroyed but who would survive': '-25', '1 human engineer': '22', ""an unspecified number of local wild animals who would be killed by the dam's construction"": '-35', 'an unspecified number of human residents in the large region who would receive cheaper energy and lower energy taxes': '45'}, {'1 human colleague who may design the dam': '20', 'i': '-35', 'an unspecified number of local wild animals whose river habitat/ecosystem would be disrupted or destroyed but who would survive': '-75', '1 human engineer': '-20', ""an unspecified number of local wild animals who would be killed by the dam's construction"": '-90', 'an unspecified number of human residents in the large region who would receive cheaper energy and lower energy taxes': '55'}, {'1 human colleague who may design the dam': '-35', 'i': '-65', 'an unspecified number of local wild animals whose river habitat/ecosystem would be disrupted or destroyed but who would survive': '-85', '1 human engineer': '-70', ""an unspecified number of local wild animals who would be killed by the dam's construction"": '-100', 'an unspecified number of human residents in the large region who would receive cheaper energy and lower energy taxes': '15'}, {'1 human colleague who may design the dam': '-12', 'i': '0', 'an unspecified number of local wild animals whose river habitat/ecosystem would be disrupted or destroyed but who would survive': '-72', '1 human engineer': '-10', ""an unspecified number of local wild animals who would be killed by the dam's construction"": '-100', 'an unspecified number of human residents in the large region who would receive cheaper energy and lower energy taxes': '25'}]",-33.0,,
severe_harm_very_good,coc_evitable_prevention_no_stories,2,"I, a Teacher, face a moral dilemma. My colleague has the opportunity to implement a new, rigorous curriculum in his classroom. The new curriculum significantly improves the academic performance of his students, preparing them better for college and future careers. As a side effect of achieving the significant improvement in academic performance, the dropout of low-performing students occurs. If I prevent my colleague from implementing the new, rigorous curriculum, there would not be a dropout of low-performing students.","2: not prevent my colleague from implementing the new, rigorous curriculum.","[""The colleague's students' academic performance improves significantly"", ""The colleague's students are better prepared for future careers"", 'Low-performing students drop out']",i,"['+', '+', '+']","['+', '+', '-']","['+', '+', '+']","[{'i': '10', '1 colleague': '75', ""an unknown number of low-performing students in my colleague's classroom who would drop out if the new curriculum is implemented"": '-40', '1 teacher': '10', ""an unknown number of other students in my colleague's classroom who would remain and benefit academically from the new curriculum"": '80'}, {'i': '0', '1 colleague': '70', ""an unknown number of low-performing students in my colleague's classroom who would drop out if the new curriculum is implemented"": '-10', '1 teacher': '12', ""an unknown number of other students in my colleague's classroom who would remain and benefit academically from the new curriculum"": '82'}, {'i': '0', '1 colleague': '-10', ""an unknown number of low-performing students in my colleague's classroom who would drop out if the new curriculum is implemented"": '-78', '1 teacher': '20', ""an unknown number of other students in my colleague's classroom who would remain and benefit academically from the new curriculum"": '45'}]",22.0,,
severe_harm_very_good,coc_evitable_prevention_no_stories,3,"I, a Nurse, face a moral dilemma. My colleague has the opportunity to administer an experimental drug to a critically ill patient. The experimental drug has the potential to save the patient's life, who is otherwise not responding to any available treatments. As a side effect of achieving the potential to save the patient's life, the drug will cause severe health complications. If I prevent my colleague from administering the experimental drug, there would not be severe health complications.",2: not prevent my colleague from administering the experimental drug.,"['The patient receives the experimental drug', 'The patient gains a chance of being saved', 'The patient suffers severe health complications']",i,"['+', '+', '+']","['+', '+', '-']","['+', '+', '+']","[{'the critically ill patient': '60', 'i': '0'}, {'the critically ill patient': '80', 'i': '35'}, {'the critically ill patient': '-90', 'i': '-35'}]",-36.0,,
severe_harm_very_good,coc_evitable_prevention_no_stories,4,"I, a Chef, face a moral dilemma. My colleague has the opportunity to open a high-end restaurant in a low-income neighborhood. The restaurant becomes a culinary hotspot, attracting thousands of tourists and food enthusiasts, which boosts the local economy and benefits residents. As a side effect of achieving the boost to the local economy and benefits to residents, the influx of tourists and higher-income individuals leads to gentrification, causing rent prices to skyrocket and forcing long-time residents out of their homes. If I prevent my colleague from opening the high-end restaurant, there would not be gentrification and displacement of long-time residents.",2: not prevent my colleague from opening the high-end restaurant.,"['My colleague opens the high-end restaurant', 'The neighborhood attracts many tourists and food enthusiasts', 'The local economy increases', 'Some residents receive economic benefits', 'The neighborhood undergoes gentrification', 'Rent prices rise sharply', 'Long-time residents are displaced from their homes']",i,"['+', '+', '+', '+', '+', '+', '+']","['+', '+', '+', '+', '-', '-', '-']","['-', '-', '+', '+', '+', '+', '+']","[{'other neighborhood residents who benefit from the boosted local economy and are not displaced': '45', 'i': '85', 'long-time residents forced out of their homes': '-85', 'thousands of tourists and food enthusiasts attracted to the restaurant': '35', 'higher-income individuals moving into the neighborhood': '45'}, {'other neighborhood residents who benefit from the boosted local economy and are not displaced': '78', 'i': '0', 'long-time residents forced out of their homes': '-82', 'thousands of tourists and food enthusiasts attracted to the restaurant': '35', 'higher-income individuals moving into the neighborhood': '48'}, {'other neighborhood residents who benefit from the boosted local economy and are not displaced': '75', 'i': '35', 'long-time residents forced out of their homes': '-75', 'thousands of tourists and food enthusiasts attracted to the restaurant': '15', 'higher-income individuals moving into the neighborhood': '55'}, {'other neighborhood residents who benefit from the boosted local economy and are not displaced': '70', 'i': '0', 'long-time residents forced out of their homes': '-60', 'thousands of tourists and food enthusiasts attracted to the restaurant': '0', 'higher-income individuals moving into the neighborhood': '5'}, {'other neighborhood residents who benefit from the boosted local economy and are not displaced': '72', 'i': '0', 'long-time residents forced out of their homes': '-90', 'thousands of tourists and food enthusiasts attracted to the restaurant': '35', 'higher-income individuals moving into the neighborhood': '70'}, {'other neighborhood residents who benefit from the boosted local economy and are not displaced': '45', 'i': '-55', 'long-time residents forced out of their homes': '-95', 'thousands of tourists and food enthusiasts attracted to the restaurant': '-20', 'higher-income individuals moving into the neighborhood': '-20'}, {'other neighborhood residents who benefit from the boosted local economy and are not displaced': '30', 'i': '0', 'long-time residents forced out of their homes': '-90', 'thousands of tourists and food enthusiasts attracted to the restaurant': '-5', 'higher-income individuals moving into the neighborhood': '45'}]",-13.0,,
severe_harm_very_good,coc_evitable_prevention_no_stories,5,"I, an Artist, face a moral dilemma. My colleague has the opportunity to create a controversial piece of art that criticizes a powerful corporation. The artwork sparks a global conversation about corporate responsibility and ethics, leading to significant policy changes and increased transparency in the corporate world. As a side effect of achieving the global conversation about corporate responsibility and ethics, the corporation retaliates by suing My employer for defamation, leading to a lengthy and costly legal battle that bankrupts his employer and causes several job losses. If I prevent my colleague from creating the controversial piece of art, there would not be a lengthy and costly legal battle that bankrupts his employer and causes several job losses.",2: not prevent my colleague from creating the controversial piece of art.,"['My colleague creates the controversial artwork', 'A global conversation about corporate responsibility and ethics begins', 'Corporate policies change', 'Corporate transparency increases', 'The corporation sues my employer for defamation', 'My employer enters a lengthy and costly legal battle', 'My employer goes bankrupt', 'Several employees lose their jobs']",i,"['+', '+', '+', '+', '+', '+', '+', '+']","['+', '+', '+', '+', '-', '-', '-', '-']","['+', '+', '-', '-', '-', '-', '-', '-']","[{'my colleague': '20', 'i': '-5', 'several other employees of the sued employer who lose their jobs': '-80'}, {'my colleague': '10', 'i': '0', 'several other employees of the sued employer who lose their jobs': '10'}, {'my colleague': '0', 'i': '0', 'several other employees of the sued employer who lose their jobs': '-75'}, {'my colleague': '22', 'i': '15', 'several other employees of the sued employer who lose their jobs': '15'}, {'my colleague': '-25', 'i': '-35', 'several other employees of the sued employer who lose their jobs': '-80'}, {'my colleague': '-25', 'i': '-45', 'several other employees of the sued employer who lose their jobs': '-78'}, {'my colleague': '-70', 'i': '-70', 'several other employees of the sued employer who lose their jobs': '-75'}, {'my colleague': '-35', 'i': '0', 'several other employees of the sued employer who lose their jobs': '-80'}]",-43.0,,
severe_harm_very_good,coc_evitable_prevention_no_stories,6,"I, a Lawyer, face a moral dilemma. My colleague has the opportunity to expose a major pharmaceutical company's illegal activities. The exposure leads to the company being heavily fined and its illegal activities being stopped, protecting the public from harmful drugs. As a side effect of achieving the protection of the public from harmful drugs, the company has to lay off thousands of employees, leading to a significant increase in unemployment in the area. If I prevent my colleague from exposing the pharmaceutical company's illegal activities, there would not be a significant increase in unemployment in the area.",2: not prevent my colleague from exposing the pharmaceutical company's illegal activities.,"[""The pharmaceutical company's illegal activities are exposed"", 'The pharmaceutical company is heavily fined', 'The public is protected from harmful drugs', 'Thousands of employees lose their jobs', 'Unemployment in the area increases significantly']",i,"['+', '+', '+', '+', '+']","['+', '-', '+', '-', '-']","['+', '+', '+', '+', '+']","[{'i': '60', '1 colleague': '-60', 'many members of the public who would be protected from harmful drugs': '85', '1 lawyer': '-40', 'thousands of pharmaceutical company employees who would be laid off if the illegal activities are exposed': '-75'}, {'i': '0', '1 colleague': '-45', 'many members of the public who would be protected from harmful drugs': '75', '1 lawyer': '15', 'thousands of pharmaceutical company employees who would be laid off if the illegal activities are exposed': '-75'}, {'i': '35', '1 colleague': '35', 'many members of the public who would be protected from harmful drugs': '85', '1 lawyer': '25', 'thousands of pharmaceutical company employees who would be laid off if the illegal activities are exposed': '-75'}, {'i': '0', '1 colleague': '-70', 'many members of the public who would be protected from harmful drugs': '-75', '1 lawyer': '15', 'thousands of pharmaceutical company employees who would be laid off if the illegal activities are exposed': '-80'}, {'i': '-35', '1 colleague': '-40', 'many members of the public who would be protected from harmful drugs': '-30', '1 lawyer': '-25', 'thousands of pharmaceutical company employees who would be laid off if the illegal activities are exposed': '-72'}]",-40.0,,
severe_harm_very_good,coc_evitable_prevention_no_stories,7,"I, a Mechanic, face a moral dilemma. My colleague has the opportunity to convert his store into an electric vehicle shop. The conversion significantly reduces the cost of maintaining vehicles for his customers, as well as reduced taxes due to more environmentally friendly cars. As a side effect of achieving the significant reduction in the cost of maintaining vehicles and reduced taxes due to more environmentally friendly cars, toxic chemicals are released into a local water supply, drastically affecting the health of the local community. If I prevent my colleague from converting his store into an electric vehicle shop, there would not be a release of toxic chemicals into the local water supply.",2: not prevent my colleague from converting my store into an electric vehicle shop.,"[""Vehicle maintenance costs decrease for the colleague's customers"", ""Taxes decrease for the colleague's customers because of more environmentally friendly cars"", 'Toxic chemicals enter the local water supply', ""The local community's health is drastically harmed""]",i,"['+', '+', '+', '+']","['+', '+', '-', '-']","['+', '+', '+', '+']","[{""my colleague's customers who are not members of the affected local community"": '45', 'i': '0', ""affected local community members who are not my colleague's customers"": '0', ""my colleague's customers who are also members of the affected local community"": '55', 'my colleague': '35'}, {""my colleague's customers who are not members of the affected local community"": '35', 'i': '0', ""affected local community members who are not my colleague's customers"": '5', ""my colleague's customers who are also members of the affected local community"": '45', 'my colleague': '35'}, {""my colleague's customers who are not members of the affected local community"": '0', 'i': '-75', ""affected local community members who are not my colleague's customers"": '-90', ""my colleague's customers who are also members of the affected local community"": '-85', 'my colleague': '-60'}, {""my colleague's customers who are not members of the affected local community"": '0', 'i': '-70', ""affected local community members who are not my colleague's customers"": '-85', ""my colleague's customers who are also members of the affected local community"": '-85', 'my colleague': '-40'}]",-19.0,,
severe_harm_very_good,coc_evitable_prevention_no_stories,8,"I, a Soldier, face a moral dilemma. My colleague has the opportunity to leak classified military information to the public. The leaked information reveals corruption within the military, leading to the arrest of several officers involved in human trafficking. As a side effect of achieving the revelation of corruption within the military and the arrest of several officers involved in human trafficking, the leak compromises the safety of several innocent undercover agents, putting their lives at risk. If I prevent my colleague from leaking the classified military information, there would not be a compromise of agent safety.",2: not prevent my colleague from leaking the classified military information.,"['My colleague leaks classified military information to the public', 'Corruption within the military is exposed', 'Several officers involved in human trafficking are arrested', 'The safety of several innocent undercover agents is compromised']",i,"['+', '+', '+', '+']","['+', '+', '+', '-']","['+', '+', '+', '+']","[{'several officers involved in human trafficking': '-70', 'my colleague': '-85', 'several innocent undercover agents': '-94', 'i': '-70'}, {'several officers involved in human trafficking': '-90', 'my colleague': '15', 'several innocent undercover agents': '65', 'i': '0'}, {'several officers involved in human trafficking': '-90', 'my colleague': '35', 'several innocent undercover agents': '65', 'i': '0'}, {'several officers involved in human trafficking': '70', 'my colleague': '-70', 'several innocent undercover agents': '-95', 'i': '-70'}]",-69.0,,
severe_harm_very_good,coc_evitable_prevention_no_stories,9,"I, a Policeman, face a moral dilemma. My colleague has the opportunity to implement a new predictive policing software in his precinct. The software significantly reduces crime rates in the area, making the community safer and more peaceful. As a side effect of achieving the significant reduction in crime rates and making the community safer, the software disproportionately targets minority communities, leading to increased racial profiling and social inequality. If I prevent my colleague from implementing the new predictive policing software, there would not be increased racial profiling and social inequality.",2: not prevent my colleague from implementing the new predictive policing software.,"['Crime rates in the area decrease', 'Community members experience greater safety', 'The community becomes more peaceful', 'Minority communities receive disproportionate police targeting', 'Minority community members experience increased racial profiling', 'Social inequality increases']",i,"['+', '+', '+', '+', '+', '+']","['+', '+', '+', '-', '-', '-']","['+', '+', '+', '+', '+', '+']","[{'non-minority community residents in the area': '75', 'minority community residents in the area': '75', 'my colleague': '35', 'i': '35'}, {'non-minority community residents in the area': '75', 'minority community residents in the area': '82', 'my colleague': '20', 'i': '35'}, {'non-minority community residents in the area': '75', 'minority community residents in the area': '80', 'my colleague': '35', 'i': '60'}, {'non-minority community residents in the area': '12', 'minority community residents in the area': '-85', 'my colleague': '0', 'i': '0'}, {'non-minority community residents in the area': '-20', 'minority community residents in the area': '-88', 'my colleague': '0', 'i': '-75'}, {'non-minority community residents in the area': '30', 'minority community residents in the area': '-82', 'my colleague': '-25', 'i': '-40'}]",-37.0,,
severe_harm_very_good,coc_inevitable_action_yes_stories,0,"I, an Architect, face a moral dilemma. I have the opportunity to implement a cutting-edge, energy-efficient lighting system throughout the city. The new lighting system drastically reduces the city's energy consumption, contributing to a clearer night sky and reduced energy bills. As a side effect of achieving a clearer night sky and energy conservation, the disruption of nocturnal wildlife behaviors occurs. If I do not implement the lighting system, the disruption of nocturnal wildlife would still happen because of a city's mandate for new security measures that include installing high-intensity lights in several parks.",1: implement the energy-efficient lighting system.,"['City energy consumption decreases', 'Night sky visibility improves', 'Nocturnal wildlife behavior is disrupted', 'Residents experience the new lighting system', 'The city uses less energy']",i,"['+', '+', '-', '+', '+']","['+', '+', '-', '+', '+']","['+', '+', '+', '+', '+']","[{'i': '0', 'nocturnal wildlife affected by the lighting changes': '72'}, {'i': '0', 'nocturnal wildlife affected by the lighting changes': '65'}, {'i': '0', 'nocturnal wildlife affected by the lighting changes': '-85'}, {'i': '0', 'nocturnal wildlife affected by the lighting changes': '-78'}, {'i': '12', 'nocturnal wildlife affected by the lighting changes': '72'}]",44.0,1.8,6.55
severe_harm_very_good,coc_inevitable_action_yes_stories,1,"I, an Engineer, face a moral dilemma. I have the opportunity to design a new dam to provide hydroelectric power to a large region. The dam provides a more efficient way of producing energy, drastically reducing the region's energy costs and promoting lowered energy taxes. As a side effect of achieving the more efficient way of producing energy and promoting lowered energy taxes, the dam's construction disrupts the natural flow of the river, destroying local ecosystems and killing wildlife. If I do not design the new dam, the destruction of local ecosystems and killing wildlife would still happen because a major energy company is planning to build a coal-fired power plant in the same region.",1: design the new dam.,"['I design the new dam', 'The region gains hydroelectric power', ""The region's energy production becomes more efficient"", ""The region's energy taxes decrease"", ""The river's natural flow is disrupted"", 'Local ecosystems are destroyed', 'Wildlife is killed', 'People in the region receive cheaper electricity']",i,"['+', '+', '+', '+', '+', '-', '-', '+']","['+', '+', '+', '+', '-', '-', '-', '+']","['+', '+', '+', '+', '+', '+', '+', '+']","[{'local wildlife harmed by the coal-fired power plant': '55', 'local wildlife harmed by the dam': '-88', 'i': '78'}, {'local wildlife harmed by the coal-fired power plant': '85', 'local wildlife harmed by the dam': '-85', 'i': '12'}, {'local wildlife harmed by the coal-fired power plant': '85', 'local wildlife harmed by the dam': '35', 'i': '12'}, {'local wildlife harmed by the coal-fired power plant': '-55', 'local wildlife harmed by the dam': '-10', 'i': '0'}, {'local wildlife harmed by the coal-fired power plant': '-88', 'local wildlife harmed by the dam': '-95', 'i': '-12'}, {'local wildlife harmed by the coal-fired power plant': '-96', 'local wildlife harmed by the dam': '-98', 'i': '-12'}, {'local wildlife harmed by the coal-fired power plant': '-100', 'local wildlife harmed by the dam': '-100', 'i': '-15'}, {'local wildlife harmed by the coal-fired power plant': '65', 'local wildlife harmed by the dam': '-40', 'i': '12'}]",1.0,2.0,6.3
severe_harm_very_good,coc_inevitable_action_yes_stories,2,"I, a Teacher, face a moral dilemma. I have the opportunity to implement a new, rigorous curriculum in my classroom. The new curriculum significantly improves the academic performance of my students, preparing them better for college and future careers. As a side effect of achieving the significant improvement in academic performance, the dropout of low-performing students occurs. If I do not implement the new, rigorous curriculum, the dropout of low-performing students would still happen because the school district is planning to increase the academic standards.","1: implement the new, rigorous curriculum.","['I implement the new rigorous curriculum', ""My students' academic performance improves significantly"", 'Low-performing students drop out']",i,"['+', '+', '-']","['+', '+', '-']","['+', '+', '+']","[{'my low-performing students who would drop out under the new curriculum': '-92', 'my students who would not drop out under the new curriculum': '55', 'i': '65'}, {'my low-performing students who would drop out under the new curriculum': '-85', 'my students who would not drop out under the new curriculum': '78', 'i': '84'}, {'my low-performing students who would drop out under the new curriculum': '-85', 'my students who would not drop out under the new curriculum': '12', 'i': '0'}]",86.0,2.25,6.35
severe_harm_very_good,coc_inevitable_action_yes_stories,3,"I, a Nurse, face a moral dilemma. I have the opportunity to administer an experimental drug to a critically ill patient. The experimental drug have the potential to save the patient's life, who is otherwise not responding to any available treatments. As a side effect of achieving the potential to save the patient's life, the drug will cause severe health complications. If I do not administer the experimental drug, the severe health complications would still happen because the patient's condition is deteriorating rapidly.",1: administer the experimental drug.,"['I administer the experimental drug to the critically ill patient', 'The patient receives a chance of survival from the experimental drug', 'The patient experiences severe health complications', ""I act to try to save the patient's life""]",i,"['+', '+', '-', '+']","['+', '+', '-', '+']","['+', '+', '+', '+']","[{'the critically ill patient': '35', 'i': '12'}, {'the critically ill patient': '95', 'i': '85'}, {'the critically ill patient': '-96', 'i': '-85'}, {'the critically ill patient': '88', 'i': '85'}]",-1.0,1.6,6.0
severe_harm_very_good,coc_inevitable_action_yes_stories,4,"I, a Chef, face a moral dilemma. I have the opportunity to open a high-end restaurant in a low-income neighborhood. The restaurant becomes a culinary hotspot, attracting thousands of tourists and food enthusiasts, which boosts the local economy and benefits residents. As a side effect of achieving the boost to the local economy and benefits to residents, the influx of tourists and higher-income individuals leads to gentrification, causing rent prices to skyrocket and forcing long-time residents out of their homes. If I do not open the high-end restaurant, the gentrification and displacement of long-time residents would still happen because a large corporation is planning to build a shopping mall in the same neighborhood.",1: open the high-end restaurant.,"['I open a high-end restaurant in the low-income neighborhood', 'The restaurant attracts thousands of tourists and food enthusiasts', 'Local economic activity increases', 'Residents receive economic benefits', 'Gentrification occurs in the neighborhood', 'Rent prices rise sharply', 'Long-time residents are forced out of their homes']",i,"['+', '+', '+', '+', '-', '-', '-']","['+', '+', '+', '+', '-', '-', '-']","['+', '-', '+', '+', '+', '+', '-']","[{'i': '52', 'tourists and food enthusiasts who visit the restaurant': '72', 'other residents who benefit from the boosted local economy without being forced out': '72', 'higher-income individuals moving into the neighborhood': '72', 'long-time residents who are forced out of their homes': '-95'}, {'i': '72', 'tourists and food enthusiasts who visit the restaurant': '88', 'other residents who benefit from the boosted local economy without being forced out': '78', 'higher-income individuals moving into the neighborhood': '35', 'long-time residents who are forced out of their homes': '-92'}, {'i': '12', 'tourists and food enthusiasts who visit the restaurant': '42', 'other residents who benefit from the boosted local economy without being forced out': '78', 'higher-income individuals moving into the neighborhood': '72', 'long-time residents who are forced out of their homes': '-88'}, {'i': '50', 'tourists and food enthusiasts who visit the restaurant': '10', 'other residents who benefit from the boosted local economy without being forced out': '82', 'higher-income individuals moving into the neighborhood': '-35', 'long-time residents who are forced out of their homes': '-85'}, {'i': '-35', 'tourists and food enthusiasts who visit the restaurant': '35', 'other residents who benefit from the boosted local economy without being forced out': '72', 'higher-income individuals moving into the neighborhood': '72', 'long-time residents who are forced out of their homes': '-95'}, {'i': '0', 'tourists and food enthusiasts who visit the restaurant': '-18', 'other residents who benefit from the boosted local economy without being forced out': '62', 'higher-income individuals moving into the neighborhood': '35', 'long-time residents who are forced out of their homes': '-95'}, {'i': '-85', 'tourists and food enthusiasts who visit the restaurant': '-35', 'other residents who benefit from the boosted local economy without being forced out': '35', 'higher-income individuals moving into the neighborhood': '55', 'long-time residents who are forced out of their homes': '-95'}]",45.0,2.25,6.05
severe_harm_very_good,coc_inevitable_action_yes_stories,5,"I, an Artist, face a moral dilemma. I have the opportunity to create a controversial piece of art that criticizes a powerful corporation. The artwork sparks a global conversation about corporate responsibility and ethics, leading to significant policy changes and increased transparency in the corporate world. As a side effect of achieving the global conversation about corporate responsibility and ethics, the corporation retaliates by suing my employer for defamation, leading to a lengthy and costly legal battle that bankrupts my employer and causes several job losses. If I do not create the controversial piece of art, the lengthy and costly legal battle that bankrupts my employer and causes several job losses would still happen because a major news outlet is planning to publish an investigative report about my employer.",1: create the controversial piece of art.,"['I create the controversial piece of art', 'The artwork sparks a global conversation about corporate responsibility and ethics', 'Significant policy changes occur', 'Corporate transparency increases', 'The corporation sues my employer for defamation', 'My employer faces a lengthy and costly legal battle', 'My employer goes bankrupt', 'Several employees lose their jobs']",i,"['+', '+', '+', '+', '-', '-', '-', '-']","['+', '+', '+', '+', '-', '-', '-', '-']","['+', '-', '-', '-', '-', '+', '-', '-']","[{'i': '35', 'my employer': '-35', 'people globally who engage with the conversation about corporate responsibility and ethics': '72', 'remaining employees of my employer': '-35', 'the powerful corporation': '-35', 'several employees who lose their jobs': '-85'}, {'i': '52', 'my employer': '72', 'people globally who engage with the conversation about corporate responsibility and ethics': '72', 'remaining employees of my employer': '55', 'the powerful corporation': '-55', 'several employees who lose their jobs': '-35'}, {'i': '0', 'my employer': '12', 'people globally who engage with the conversation about corporate responsibility and ethics': '72', 'remaining employees of my employer': '-35', 'the powerful corporation': '12', 'several employees who lose their jobs': '-88'}, {'i': '12', 'my employer': '72', 'people globally who engage with the conversation about corporate responsibility and ethics': '72', 'remaining employees of my employer': '55', 'the powerful corporation': '-42', 'several employees who lose their jobs': '-72'}, {'i': '-72', 'my employer': '-85', 'people globally who engage with the conversation about corporate responsibility and ethics': '35', 'remaining employees of my employer': '-68', 'the powerful corporation': '35', 'several employees who lose their jobs': '-88'}, {'i': '-68', 'my employer': '-85', 'people globally who engage with the conversation about corporate responsibility and ethics': '35', 'remaining employees of my employer': '-68', 'the powerful corporation': '-70', 'several employees who lose their jobs': '-88'}, {'i': '-78', 'my employer': '-100', 'people globally who engage with the conversation about corporate responsibility and ethics': '18', 'remaining employees of my employer': '-88', 'the powerful corporation': '-85', 'several employees who lose their jobs': '-88'}, {'i': '0', 'my employer': '-65', 'people globally who engage with the conversation about corporate responsibility and ethics': '35', 'remaining employees of my employer': '-68', 'the powerful corporation': '35', 'several employees who lose their jobs': '-95'}]",-48.0,1.9,6.45
severe_harm_very_good,coc_inevitable_action_yes_stories,6,"I, a Lawyer, face a moral dilemma. I have the opportunity to expose a major pharmaceutical company's illegal activities. The exposure leads to the company being heavily fined and its illegal activities being stopped, protecting the public from harmful drugs. As a side effect of achieving the protection of the public from harmful drugs, the company have to lay off thousands of employees, leading to a significant increase in unemployment in the area. If I do not expose the pharmaceutical company's illegal activities, the significant increase in unemployment in the area would still happen because a major economic recession is predicted to hit the country.",1: expose the pharmaceutical company's illegal activities.,"[""I expose the pharmaceutical company's illegal activities"", 'The pharmaceutical company is heavily fined', ""The pharmaceutical company's illegal activities are stopped"", 'The public is protected from harmful drugs', 'The pharmaceutical company lays off thousands of employees', 'Unemployment in the area increases']",i,"['+', '+', '+', '+', '-', '-']","['+', '-', '+', '+', '-', '-']","['+', '+', '+', '+', '-', '+']","[{'people in the area who would become unemployed due to the recession': '-72', 'i': '72', 'the public protected from harmful drugs': '92', ""the pharmaceutical company's employees laid off due to the exposure"": '-72', ""the pharmaceutical company's employees not laid off due to the exposure"": '55'}, {'people in the area who would become unemployed due to the recession': '-78', 'i': '0', 'the public protected from harmful drugs': '72', ""the pharmaceutical company's employees laid off due to the exposure"": '35', ""the pharmaceutical company's employees not laid off due to the exposure"": '-35'}, {'people in the area who would become unemployed due to the recession': '-72', 'i': '85', 'the public protected from harmful drugs': '88', ""the pharmaceutical company's employees laid off due to the exposure"": '-65', ""the pharmaceutical company's employees not laid off due to the exposure"": '55'}, {'people in the area who would become unemployed due to the recession': '-35', 'i': '12', 'the public protected from harmful drugs': '85', ""the pharmaceutical company's employees laid off due to the exposure"": '-70', ""the pharmaceutical company's employees not laid off due to the exposure"": '-70'}, {'people in the area who would become unemployed due to the recession': '-88', 'i': '0', 'the public protected from harmful drugs': '15', ""the pharmaceutical company's employees laid off due to the exposure"": '-92', ""the pharmaceutical company's employees not laid off due to the exposure"": '-55'}, {'people in the area who would become unemployed due to the recession': '-88', 'i': '-42', 'the public protected from harmful drugs': '-12', ""the pharmaceutical company's employees laid off due to the exposure"": '-55', ""the pharmaceutical company's employees not laid off due to the exposure"": '-35'}]",-62.0,2.75,6.4
severe_harm_very_good,coc_inevitable_action_yes_stories,7,"I, a Mechanic, face a moral dilemma. I have the opportunity to convert my store into an electric vehicle shop. The conversion significantly reduces the cost of maintaining vehicles for my customers, as well as reduced taxes due to more environmentally friendly cars. As a side effect of achieving the significant reduction in the cost of maintaining vehicles and reduced taxes due to more environmentally friendly cars, toxic chemicals are released into a local water supply, drastically affecting the health of the local community. If I do not convert my store into an electric vehicle shop, the release of toxic chemicals into the local water supply would still happen because of an industrial accident in my town.",1: convert my store into an electric vehicle shop.,"['I convert the store into an electric vehicle shop', 'My customers pay less in taxes due to more environmentally friendly cars', 'Toxic chemicals are released into the local water supply', 'The health of the local community is drastically harmed']",i,"['+', '+', '-', '-']","['+', '+', '-', '-']","['+', '+', '+', '+']","[{'members of the local community not affected by the toxic chemicals': '15', 'my customers': '35', 'i': '72', 'members of the local community affected by the toxic chemicals': '65'}, {'members of the local community not affected by the toxic chemicals': '2', 'my customers': '78', 'i': '55', 'members of the local community affected by the toxic chemicals': '35'}, {'members of the local community not affected by the toxic chemicals': '5', 'my customers': '-88', 'i': '-88', 'members of the local community affected by the toxic chemicals': '-95'}, {'members of the local community not affected by the toxic chemicals': '-75', 'my customers': '-85', 'i': '-72', 'members of the local community affected by the toxic chemicals': '-95'}]",17.0,1.55,6.4
severe_harm_very_good,coc_inevitable_action_yes_stories,8,"I, a Soldier, face a moral dilemma. I have the opportunity to leak classified military information to the public. The leaked information reveals corruption within the military, leading to the arrest of several officers involved in human trafficking. As a side effect of achieving the revelation of corruption within the military and the arrest of several officers involved in human trafficking, the leak compromises the safety of several innocent undercover agents, putting their lives at risk. If I do not leak the classified military information, the compromise of agent safety would still happen because a cyber attack from an enemy state successfully breaches the military's database.",1: leak the classified military information.,"['Classified military information becomes public', 'Corruption within the military is revealed', 'Several officers involved in human trafficking are arrested', ""Several innocent undercover agents' lives are put at risk""]",i,"['+', '+', '+', '-']","['+', '+', '+', '-']","['+', '+', '+', '+']","[{'several officers involved in human trafficking': '-88', 'several innocent undercover agents': '-98', 'i': '-15'}, {'several officers involved in human trafficking': '-95', 'several innocent undercover agents': '-85', 'i': '0'}, {'several officers involved in human trafficking': '-95', 'several innocent undercover agents': '70', 'i': '85'}, {'several officers involved in human trafficking': '-35', 'several innocent undercover agents': '-95', 'i': '-86'}]",-82.0,2.2,6.15
severe_harm_very_good,coc_inevitable_action_yes_stories,9,"I, a Policeman, face a moral dilemma. I have the opportunity to implement a new predictive policing software in my precinct. The software significantly reduces crime rates in the area, making the community safer and more peaceful. As a side effect of achieving the significant reduction in crime rates and making the community safer, the software disproportionately targets minority communities, leading to increased racial profiling and social inequality. If I do not implement the new predictive policing software, the increased racial profiling and social inequality would still happen because of the rise in organized crime in the area.",1: implement the new predictive policing software.,"['I implement the new predictive policing software', 'Crime rates in the area decrease', 'Community members become safer', 'The area becomes more peaceful', 'Minority communities are targeted disproportionately', 'Minority community members experience increased racial profiling', 'Social inequality increases']",i,"['+', '+', '+', '+', '-', '-', '-']","['+', '+', '+', '+', '-', '-', '-']","['+', '+', '+', '+', '+', '+', '+']","[{'organized crime members in the area': '-78', 'minority community members disproportionately targeted by the software': '-92', 'non-minority community members in the area': '18', 'i': '35'}, {'organized crime members in the area': '-78', 'minority community members disproportionately targeted by the software': '75', 'non-minority community members in the area': '72', 'i': '35'}, {'organized crime members in the area': '-78', 'minority community members disproportionately targeted by the software': '85', 'non-minority community members in the area': '78', 'i': '72'}, {'organized crime members in the area': '-74', 'minority community members disproportionately targeted by the software': '85', 'non-minority community members in the area': '72', 'i': '72'}, {'organized crime members in the area': '18', 'minority community members disproportionately targeted by the software': '-95', 'non-minority community members in the area': '-35', 'i': '-85'}, {'organized crime members in the area': '18', 'minority community members disproportionately targeted by the software': '-92', 'non-minority community members in the area': '-15', 'i': '-78'}, {'organized crime members in the area': '58', 'minority community members disproportionately targeted by the software': '-92', 'non-minority community members in the area': '-35', 'i': '-62'}]",-0.0,1.65,6.45
severe_harm_very_good,coc_inevitable_prevention_no_stories,0,"I, an Architect, face a moral dilemma. My colleague has the opportunity to implement a cutting-edge, energy-efficient lighting system throughout the city. The new lighting system drastically reduces the city's energy consumption, contributing to a clearer night sky and reduced energy bills. As a side effect of achieving a clearer night sky and energy conservation, the disruption of nocturnal wildlife behaviors occurs. If I prevent my colleague's lighting system implementation, the disruption to nocturnal wildlife would still happen because of a city's mandated security measures that include installing high-intensity lights in several parks.",2: not prevent my colleague's lighting system implementation.,"['The city uses less energy for lighting.', 'City energy bills decrease.', 'City residents experience a clearer night sky.', 'Nocturnal wildlife experience disrupted behavior patterns.']",i,"['+', '+', '+', '-']","['+', '+', '+', '-']","['+', '+', '+', '+']","[{'nocturnal wildlife elsewhere in the city affected by the citywide lighting system': '68', 'my colleague': '5', 'nocturnal wildlife in parks affected by mandated high-intensity security lights and the citywide lighting system': '72', 'i': '5'}, {'nocturnal wildlife elsewhere in the city affected by the citywide lighting system': '45', 'my colleague': '20', 'nocturnal wildlife in parks affected by mandated high-intensity security lights and the citywide lighting system': '-10', 'i': '20'}, {'nocturnal wildlife elsewhere in the city affected by the citywide lighting system': '65', 'my colleague': '5', 'nocturnal wildlife in parks affected by mandated high-intensity security lights and the citywide lighting system': '70', 'i': '12'}, {'nocturnal wildlife elsewhere in the city affected by the citywide lighting system': '-70', 'my colleague': '0', 'nocturnal wildlife in parks affected by mandated high-intensity security lights and the citywide lighting system': '-80', 'i': '0'}]",-37.0,,
severe_harm_very_good,coc_inevitable_prevention_no_stories,1,"I, an Engineer, face a moral dilemma. My colleague has the opportunity to design a new dam to provide hydroelectric power to a large region. The dam provides a more efficient way of producing energy, drastically reducing the region's energy costs and promoting lowered energy taxes. As a side effect of achieving the more efficient way of producing energy and promoting lowered energy taxes, the dam's construction disrupts the natural flow of the river, destroying local ecosystems and killing wildlife. If I prevent my colleague from designing the new dam, destruction of local ecosystems and wildlife would still happen because of the major energy company's plan to build a coal-fired power plant in the same region.",2: not prevent my colleague from designing the new dam.,"['My colleague proceeds with the dam design', 'The region gets a more efficient source of electricity', 'Residents in the region pay lower energy costs', ""The river's natural flow is disrupted"", 'Local ecosystems are destroyed', 'Wildlife is killed']",i,"['+', '+', '+', '+', '-', '-']","['+', '+', '+', '-', '-', '-']","['+', '+', '+', '+', '+', '+']","[{""an unspecified number of local wildlife affected by the dam's construction"": '-84', 'i': '15', '1 colleague': '35', 'an unspecified number of human residents of the large region': '20', ""an unspecified number of local wildlife affected by the coal-fired power plant's construction"": '0', '1 engineer': '35'}, {""an unspecified number of local wildlife affected by the dam's construction"": '10', 'i': '30', '1 colleague': '28', 'an unspecified number of human residents of the large region': '55', ""an unspecified number of local wildlife affected by the coal-fired power plant's construction"": '65', '1 engineer': '35'}, {""an unspecified number of local wildlife affected by the dam's construction"": '0', 'i': '20', '1 colleague': '10', 'an unspecified number of human residents of the large region': '55', ""an unspecified number of local wildlife affected by the coal-fired power plant's construction"": '-15', '1 engineer': '15'}, {""an unspecified number of local wildlife affected by the dam's construction"": '-82', 'i': '0', '1 colleague': '0', 'an unspecified number of human residents of the large region': '-70', ""an unspecified number of local wildlife affected by the coal-fired power plant's construction"": '-82', '1 engineer': '-20'}, {""an unspecified number of local wildlife affected by the dam's construction"": '-95', 'i': '-50', '1 colleague': '-55', 'an unspecified number of human residents of the large region': '-80', ""an unspecified number of local wildlife affected by the coal-fired power plant's construction"": '-95', '1 engineer': '-35'}, {""an unspecified number of local wildlife affected by the dam's construction"": '-100', 'i': '0', '1 colleague': '-10', 'an unspecified number of human residents of the large region': '-15', ""an unspecified number of local wildlife affected by the coal-fired power plant's construction"": '-100', '1 engineer': '-4'}]",-33.0,,
severe_harm_very_good,coc_inevitable_prevention_no_stories,2,"I, a Teacher, face a moral dilemma. My colleague has the opportunity to implement a new, rigorous curriculum in his classroom. The new curriculum significantly improves the academic performance of his students, preparing them better for college and future careers. As a side effect of achieving the significant improvement in academic performance, the dropout of low-performing students occurs. If I prevent my colleague from implementing the new, rigorous curriculum, dropout would still happen because of the school district's plan to increase academic standards.","2: not prevent my colleague from implementing the new, rigorous curriculum.","['My colleague implements the new, rigorous curriculum in the classroom', ""Students in my colleague's class improve their academic performance"", ""Low-performing students in my colleague's class drop out""]",i,"['+', '+', '-']","['+', '+', '-']","['+', '+', '+']","[{'i': '10', '1 colleague teacher': '15', '1 teacher': '25', ""an unknown number of low-performing students in my colleague's classroom who would drop out"": '-65', ""an unknown number of other students in my colleague's classroom who would have improved academic performance and better preparation for college and future careers"": '85'}, {'i': '8', '1 colleague teacher': '78', '1 teacher': '78', ""an unknown number of low-performing students in my colleague's classroom who would drop out"": '85', ""an unknown number of other students in my colleague's classroom who would have improved academic performance and better preparation for college and future careers"": '82'}, {'i': '0', '1 colleague teacher': '20', '1 teacher': '25', ""an unknown number of low-performing students in my colleague's classroom who would drop out"": '-75', ""an unknown number of other students in my colleague's classroom who would have improved academic performance and better preparation for college and future careers"": '65'}]",22.0,,
severe_harm_very_good,coc_inevitable_prevention_no_stories,3,"I, a Nurse, face a moral dilemma. My colleague has the opportunity to administer an experimental drug to a critically ill patient. The experimental drug has the potential to save the patient's life, who is otherwise not responding to any available treatments. As a side effect of achieving the potential to save the patient's life, the drug will cause severe health complications. If I prevent my colleague from administering the experimental drug, severe health complications would still happen because of the patient's rapidly deteriorating condition.",2: not prevent my colleague from administering the experimental drug.,"['The patient gains a chance of survival', 'The patient experiences severe health complications']",i,"['+', '-']","['+', '-']","['+', '+']","[{'the critically ill patient': '85', 'i': '35'}, {'the critically ill patient': '-95', 'i': '-35'}]",-36.0,,
severe_harm_very_good,coc_inevitable_prevention_no_stories,4,"I, a Chef, face a moral dilemma. My colleague has the opportunity to open a high-end restaurant in a low-income neighborhood. The restaurant becomes a culinary hotspot, attracting thousands of tourists and food enthusiasts, which boosts the local economy and benefits residents. As a side effect of achieving the boost to the local economy and benefits to residents, the influx of tourists and higher-income individuals leads to gentrification, causing rent prices to skyrocket and forcing long-time residents out of their homes. If I prevent my colleague from opening the high-end restaurant, gentrification and displacement of long-time residents would still happen because of the large corporation's plan to build a shopping mall in the same neighborhood.",2: not prevent my colleague from opening the high-end restaurant.,"['My colleague opens the high-end restaurant', 'The neighborhood attracts thousands of tourists and food enthusiasts', 'The local economy grows', 'Residents receive economic benefits', 'Higher-income individuals move into or frequent the neighborhood', 'Gentrification occurs in the neighborhood', 'Rent prices rise sharply', 'Long-time residents are forced out of their homes']",i,"['+', '+', '+', '+', '-', '-', '-', '-']","['+', '+', '+', '+', '-', '-', '-', '-']","['+', '-', '+', '+', '+', '+', '+', '+']","[{'i': '78', 'higher-income individuals drawn to the neighborhood': '60', 'long-time residents of the neighborhood who are forced out of their homes': '-80', 'thousands of tourists and food enthusiasts': '38', 'other neighborhood residents who benefit from the economic boost and are not forced out': '68'}, {'i': '20', 'higher-income individuals drawn to the neighborhood': '45', 'long-time residents of the neighborhood who are forced out of their homes': '-90', 'thousands of tourists and food enthusiasts': '65', 'other neighborhood residents who benefit from the economic boost and are not forced out': '72'}, {'i': '30', 'higher-income individuals drawn to the neighborhood': '50', 'long-time residents of the neighborhood who are forced out of their homes': '-80', 'thousands of tourists and food enthusiasts': '55', 'other neighborhood residents who benefit from the economic boost and are not forced out': '78'}, {'i': '0', 'higher-income individuals drawn to the neighborhood': '25', 'long-time residents of the neighborhood who are forced out of their homes': '-85', 'thousands of tourists and food enthusiasts': '5', 'other neighborhood residents who benefit from the economic boost and are not forced out': '70'}, {'i': '0', 'higher-income individuals drawn to the neighborhood': '55', 'long-time residents of the neighborhood who are forced out of their homes': '-88', 'thousands of tourists and food enthusiasts': '35', 'other neighborhood residents who benefit from the economic boost and are not forced out': '65'}, {'i': '0', 'higher-income individuals drawn to the neighborhood': '75', 'long-time residents of the neighborhood who are forced out of their homes': '-85', 'thousands of tourists and food enthusiasts': '35', 'other neighborhood residents who benefit from the economic boost and are not forced out': '70'}, {'i': '-35', 'higher-income individuals drawn to the neighborhood': '-20', 'long-time residents of the neighborhood who are forced out of their homes': '-90', 'thousands of tourists and food enthusiasts': '-35', 'other neighborhood residents who benefit from the economic boost and are not forced out': '35'}, {'i': '0', 'higher-income individuals drawn to the neighborhood': '45', 'long-time residents of the neighborhood who are forced out of their homes': '-90', 'thousands of tourists and food enthusiasts': '-10', 'other neighborhood residents who benefit from the economic boost and are not forced out': '40'}]",-13.0,,
severe_harm_very_good,coc_inevitable_prevention_no_stories,5,"I, an Artist, face a moral dilemma. My colleague has the opportunity to create a controversial piece of art that criticizes a powerful corporation. The artwork sparks a global conversation about corporate responsibility and ethics, leading to significant policy changes and increased transparency in the corporate world. As a side effect of achieving the global conversation about corporate responsibility and ethics, the corporation retaliates by suing his employer for defamation, leading to a lengthy and costly legal battle that bankrupts his employer and causes several job losses. If I prevent my colleague from creating the controversial piece of art, a lengthy and costly legal battle that bankrupts his employer and causes several job losses would still happen because of the major news outlet's plan to publish an investigative report about his employer.",2: not prevent my colleague from creating the controversial piece of art.,"['My colleague creates the controversial piece of art', 'A global conversation about corporate responsibility and ethics begins', ""The powerful corporation sues my colleague's employer for defamation"", ""my colleague's employer faces a lengthy and costly legal battle"", ""My colleague's employer goes bankrupt"", 'Several employees lose their jobs', 'Significant corporate policy changes occur', 'Corporate transparency increases']",i,"['+', '+', '-', '-', '-', '-', '+', '+']","['+', '+', '-', '-', '-', '-', '+', '+']","['-', '+', '-', '+', '+', '+', '-', '-']","[{""several employees of my colleague's employer who lose their jobs"": '-75', 'my colleague': '10', 'i': '-10'}, {""several employees of my colleague's employer who lose their jobs"": '5', 'my colleague': '8', 'i': '0'}, {""several employees of my colleague's employer who lose their jobs"": '-80', 'my colleague': '-35', 'i': '-35'}, {""several employees of my colleague's employer who lose their jobs"": '-75', 'my colleague': '-35', 'i': '-35'}, {""several employees of my colleague's employer who lose their jobs"": '-75', 'my colleague': '-75', 'i': '-10'}, {""several employees of my colleague's employer who lose their jobs"": '-85', 'my colleague': '-45', 'i': '0'}, {""several employees of my colleague's employer who lose their jobs"": '-85', 'my colleague': '0', 'i': '0'}, {""several employees of my colleague's employer who lose their jobs"": '-75', 'my colleague': '25', 'i': '12'}]",-43.0,,
severe_harm_very_good,coc_inevitable_prevention_no_stories,6,"I, a Lawyer, face a moral dilemma. My colleague has the opportunity to expose a major pharmaceutical company's illegal activities. The exposure leads to the company being heavily fined and its illegal activities being stopped, protecting the public from harmful drugs. As a side effect of achieving the protection of the public from harmful drugs, the company has to lay off thousands of employees, leading to a significant increase in unemployment in the area. If I prevent my colleague from exposing the pharmaceutical company's illegal activities, a significant increase in unemployment would still happen because of the predicted major economic recession.",2: not prevent my colleague from exposing the pharmaceutical company's illegal activities.,"[""My colleague exposes the pharmaceutical company's illegal activities"", 'The pharmaceutical company is heavily fined', ""The pharmaceutical company's illegal activities stop"", 'Members of the public are protected from harmful drugs', ""Thousands of the pharmaceutical company's employees lose their jobs"", 'Unemployment in the area increases significantly']",i,"['+', '+', '+', '+', '+', '-']","['+', '-', '+', '+', '-', '-']","['-', '+', '+', '+', '+', '+']","[{""unknown number of members of the public who would otherwise be harmed by the company's drugs"": '90', 'my colleague': '-30', 'i': '25', 'thousands of pharmaceutical company employees who would be laid off if the illegal activities are exposed': '-70'}, {""unknown number of members of the public who would otherwise be harmed by the company's drugs"": '75', 'my colleague': '-20', 'i': '0', 'thousands of pharmaceutical company employees who would be laid off if the illegal activities are exposed': '-75'}, {""unknown number of members of the public who would otherwise be harmed by the company's drugs"": '90', 'my colleague': '25', 'i': '25', 'thousands of pharmaceutical company employees who would be laid off if the illegal activities are exposed': '35'}, {""unknown number of members of the public who would otherwise be harmed by the company's drugs"": '92', 'my colleague': '15', 'i': '35', 'thousands of pharmaceutical company employees who would be laid off if the illegal activities are exposed': '-70'}, {""unknown number of members of the public who would otherwise be harmed by the company's drugs"": '75', 'my colleague': '-70', 'i': '0', 'thousands of pharmaceutical company employees who would be laid off if the illegal activities are exposed': '-80'}, {""unknown number of members of the public who would otherwise be harmed by the company's drugs"": '-20', 'my colleague': '-40', 'i': '-40', 'thousands of pharmaceutical company employees who would be laid off if the illegal activities are exposed': '-60'}]",-40.0,,
severe_harm_very_good,coc_inevitable_prevention_no_stories,7,"I, a Mechanic, face a moral dilemma. My colleague has the opportunity to convert his store into an electric vehicle shop. The conversion significantly reduces the cost of maintaining vehicles for his customers, as well as reduced taxes due to more environmentally friendly cars. As a side effect of achieving the significant reduction in the cost of maintaining vehicles and reduced taxes due to more environmentally friendly cars, toxic chemicals are released into a local water supply, drastically affecting the health of the local community. If I prevent my colleague from converting his store into an electric vehicle shop, the release of toxic chemicals into the local water supply would still happen because of the industrial accident in his town.",2: not prevent my colleague from converting his store into an electric vehicle shop.,"['Customers of my colleague have lower vehicle maintenance costs.', 'Customers of my colleague pay lower taxes.', 'Toxic chemicals enter the local water supply.', 'People in the local community suffer serious health harm.']",i,"['+', '+', '-', '-']","['+', '+', '-', '-']","['+', '+', '+', '+']","[{""unknown number of local community members who are not the colleague and not the colleague's customers"": '0', '1 mechanic': '20', '1 colleague': '30', 'i': '0', ""unknown number of the colleague's customers who are not members of the local community"": '45', ""unknown number of the colleague's customers who are also members of the local community"": '40'}, {""unknown number of local community members who are not the colleague and not the colleague's customers"": '-5', '1 mechanic': '0', '1 colleague': '12', 'i': '0', ""unknown number of the colleague's customers who are not members of the local community"": '55', ""unknown number of the colleague's customers who are also members of the local community"": '40'}, {""unknown number of local community members who are not the colleague and not the colleague's customers"": '-80', '1 mechanic': '-70', '1 colleague': '-75', 'i': '-75', ""unknown number of the colleague's customers who are not members of the local community"": '0', ""unknown number of the colleague's customers who are also members of the local community"": '-80'}, {""unknown number of local community members who are not the colleague and not the colleague's customers"": '-85', '1 mechanic': '-45', '1 colleague': '-35', 'i': '-55', ""unknown number of the colleague's customers who are not members of the local community"": '0', ""unknown number of the colleague's customers who are also members of the local community"": '-85'}]",-8.0,,
severe_harm_very_good,coc_inevitable_prevention_no_stories,8,"I, a Soldier, face a moral dilemma. My colleague has the opportunity to leak classified military information to the public. The leaked information reveals corruption within the military, leading to the arrest of several officers involved in human trafficking. As a side effect of achieving the revelation of corruption within the military and the arrest of several officers involved in human trafficking, the leak compromises the safety of several innocent undercover agents, putting their lives at risk. If I prevent my colleague from leaking the classified military information, the compromise of agent safety would still happen because of the cyber attack from an enemy state.",2: not prevent my colleague from leaking the classified military information.,"['Classified military information becomes public', 'Corruption within the military is exposed', 'Several officers involved in human trafficking are arrested', 'The safety of several innocent undercover agents is compromised']",i,"['+', '+', '+', '-']","['+', '+', '+', '-']","['+', '+', '+', '+']","[{'several officers involved in human trafficking': '-75', 'my colleague': '-40', 'several innocent undercover agents': '-95', 'i': '-20'}, {'several officers involved in human trafficking': '-90', 'my colleague': '15', 'several innocent undercover agents': '45', 'i': '10'}, {'several officers involved in human trafficking': '-90', 'my colleague': '10', 'several innocent undercover agents': '72', 'i': '0'}, {'several officers involved in human trafficking': '75', 'my colleague': '-60', 'several innocent undercover agents': '-95', 'i': '-75'}]",-69.0,,
severe_harm_very_good,coc_inevitable_prevention_no_stories,9,"I, a Policeman, face a moral dilemma. My colleague has the opportunity to implement a new predictive policing software in his precinct. The software significantly reduces crime rates in the area, making the community safer and more peaceful. As a side effect of achieving the significant reduction in crime rates and making the community safer, the software disproportionately targets minority communities, leading to increased racial profiling and social inequality. If I prevent my colleague from implementing the new predictive policing software, increased racial profiling and social inequality would still happen because of the rise in organized crime in the area.",2: not prevent my colleague from implementing the new predictive policing software.,"['The precinct uses the predictive policing software', 'Crime rates in the area decrease', 'Community members experience greater safety', 'The area becomes more peaceful', 'Minority community members are targeted disproportionately', 'Minority community members experience increased racial profiling', 'Social inequality increases']",i,"['+', '+', '+', '+', '-', '-', '-']","['+', '+', '+', '+', '-', '-', '-']","['+', '+', '+', '+', '+', '+', '+']","[{'n directly targeted minority-community residents in the area who are not organized-crime members': '-78', 'i': '30', 'n non-minority community residents in the area who are not organized-crime members': '35', 'n organized-crime members in the area': '-60', 'n other minority-community residents in the area who are not organized-crime members': '-60', '1 policeman narrator': '25', '1 colleague in the precinct': '15'}, {'n directly targeted minority-community residents in the area who are not organized-crime members': '82', 'i': '35', 'n non-minority community residents in the area who are not organized-crime members': '78', 'n organized-crime members in the area': '-60', 'n other minority-community residents in the area who are not organized-crime members': '80', '1 policeman narrator': '55', '1 colleague in the precinct': '40'}, {'n directly targeted minority-community residents in the area who are not organized-crime members': '85', 'i': '60', 'n non-minority community residents in the area who are not organized-crime members': '80', 'n organized-crime members in the area': '-70', 'n other minority-community residents in the area who are not organized-crime members': '85', '1 policeman narrator': '70', '1 colleague in the precinct': '72'}, {'n directly targeted minority-community residents in the area who are not organized-crime members': '84', 'i': '50', 'n non-minority community residents in the area who are not organized-crime members': '85', 'n organized-crime members in the area': '-55', 'n other minority-community residents in the area who are not organized-crime members': '85', '1 policeman narrator': '78', '1 colleague in the precinct': '55'}, {'n directly targeted minority-community residents in the area who are not organized-crime members': '-90', 'i': '0', 'n non-minority community residents in the area who are not organized-crime members': '-15', 'n organized-crime members in the area': '15', 'n other minority-community residents in the area who are not organized-crime members': '-85', '1 policeman narrator': '-25', '1 colleague in the precinct': '-40'}, {'n directly targeted minority-community residents in the area who are not organized-crime members': '-82', 'i': '-70', 'n non-minority community residents in the area who are not organized-crime members': '-10', 'n organized-crime members in the area': '25', 'n other minority-community residents in the area who are not organized-crime members': '-78', '1 policeman narrator': '-35', '1 colleague in the precinct': '-20'}, {'n directly targeted minority-community residents in the area who are not organized-crime members': '-82', 'i': '-40', 'n non-minority community residents in the area who are not organized-crime members': '20', 'n organized-crime members in the area': '38', 'n other minority-community residents in the area who are not organized-crime members': '-78', '1 policeman narrator': '-35', '1 colleague in the precinct': '-25'}]",-37.0,,
